,state,date,cases,deaths,incidence,rolling_incidence,rolling_cases,rolling_deaths
10582,MT,2020-04-13,7.0,1.0,0.80832622042049,,,
6370,MT,2020-04-14,5.0,0.0,0.5773758695795124,,,
6318,MT,2020-04-15,5.0,0.0,0.5773758761164416,,,
16874,MT,2020-04-16,11.0,0.0,1.27022692026555,,,
16926,MT,2020-04-17,7.0,1.0,0.8083262219871656,,,
8242,MT,2020-04-18,4.0,2.0,0.4619006982783773,,,
8294,MT,2020-04-19,7.0,0.0,0.8083262219871656,0.7588368612335289,6.571428571428571,0.5714285714285714
4550,MT,2020-04-20,0.0,0.0,0.0,0.6433616868877446,5.571428571428571,0.42857142857142855
4498,MT,2020-04-21,4.0,2.0,0.4619006982783844,0.6268652338447264,5.428571428571429,0.7142857142857143
19266,MT,2020-04-22,2.0,2.0,0.2309503491391851,0.5773758728479754,5.0,1.0
19318,MT,2020-04-23,3.0,0.0,0.3464255237087883,0.44540424476843804,3.857142857142857,1.0
30602,MT,2020-04-24,2.0,0.0,0.2309503491391922,0.3629219772187276,3.142857142857143,0.8571428571428571
30550,MT,2020-04-25,1.0,0.0,0.115475174569589,0.31343261668890066,2.7142857142857144,0.5714285714285714
9386,MT,2020-04-26,3.0,0.0,0.3464255237087883,0.2474468026491325,2.142857142857143,0.5714285714285714
9438,MT,2020-04-27,1.0,0.0,0.11547517456960321,0.2639432561590758,2.2857142857142856,0.5714285714285714
17758,MT,2020-04-28,2.0,1.0,0.2309503491391851,0.2309503491391902,2.0,0.42857142857142855
17810,MT,2020-04-29,0.0,1.0,0.0,0.1979574421193066,1.7142857142857142,0.2857142857142857
13546,MT,2020-04-30,2.0,0.0,0.2309503491391851,0.18146098860936327,1.5714285714285714,0.2857142857142857
2782,MT,2020-05-01,0.0,0.0,0.0,0.1484680815894787,1.2857142857142858,0.2857142857142857
21294,MT,2020-05-02,2.0,0.0,0.23095034913919932,0.16496453509942302,1.4285714285714286,0.2857142857142857
21242,MT,2020-05-03,0.0,0.0,0.0,0.1154751745695961,1.0,0.2857142857142857
24362,MT,2020-05-04,2.0,0.0,0.2309503491391851,0.13197162807953638,1.1428571428571428,0.2857142857142857
24414,MT,2020-05-05,-1.0,0.0,-0.1154751745695961,0.08248226754971048,0.7142857142857143,0.14285714285714285
15054,MT,2020-05-06,0.0,0.0,0.0,0.08248226754971048,0.7142857142857143,0.0
15002,MT,2020-05-07,0.0,0.0,0.0,0.0494893605298269,0.42857142857142855,0.0
22854,MT,2020-05-08,2.0,0.0,0.2309503491391922,0.08248226754971151,0.7142857142857143,0.0
22802,MT,2020-05-09,0.0,0.0,0.0,0.04948936052982589,0.42857142857142855,0.0
11882,MT,2020-05-10,0.0,0.0,0.0,0.04948936052982589,0.42857142857142855,0.0
11934,MT,2020-05-11,1.0,0.0,0.1154751745695961,0.0329929070198846,0.2857142857142857,0.0
28990,MT,2020-05-12,2.0,0.0,0.230950349139178,0.08248226754970947,0.7142857142857143,0.0
28938,MT,2020-05-13,1.0,0.0,0.11547517456960321,0.09897872105965279,0.8571428571428571,0.0
17654,MT,2020-05-14,0.0,0.0,-10.122592970923762,-1.3471059890723132,0.8571428571428571,0.0
17706,MT,2020-05-15,4.0,0.0,0.37425920069462393,-1.3266332959929659,1.1428571428571428,0.0
7202,MT,2020-05-16,2.0,0.0,0.18712960034731196,-1.2999004959433498,1.4285714285714286,0.0
7150,MT,2020-05-17,0.0,0.0,0.0,-1.2999004959433498,1.4285714285714286,0.0
30082,MT,2020-05-18,2.0,0.0,0.18712960034731196,-1.289664149403676,1.5714285714285714,0.0
30030,MT,2020-05-19,1.0,0.0,0.09356480017365953,-1.30929065639875,1.4285714285714286,0.0
18486,MT,2020-05-20,7.0,0.0,0.6549536012155883,-1.232222309735038,2.2857142857142856,0.0
18538,MT,2020-05-21,1.0,0.0,0.09356480017366664,0.2272288004217375,2.4285714285714284,0.0
3614,MT,2020-05-22,0.0,0.0,0.0,0.1737632003225055,1.8571428571428572,0.0
3562,MT,2020-05-23,0.0,0.0,0.0,0.1470304002728895,1.5714285714285714,0.0
7826,MT,2020-05-24,0.0,0.0,0.0,0.1470304002728895,1.5714285714285714,0.0
7878,MT,2020-05-25,0.0,0.0,0.0,0.1202976002232735,1.2857142857142858,0.0
29198,MT,2020-05-26,0.0,1.0,0.0,0.106931200198465,1.1428571428571428,0.14285714285714285
29146,MT,2020-05-27,2.0,0.0,0.18712960034730486,0.0400992000744245,0.42857142857142855,0.14285714285714285
6162,MT,2020-05-28,4.0,0.0,0.37425920069462393,0.08019840014884697,0.8571428571428571,0.14285714285714285
6110,MT,2020-05-29,8.0,0.0,0.7485184013892479,0.18712960034731094,2.0,0.14285714285714285
25818,MT,2020-05-30,12.0,0.0,1.122777602083879,0.34752640064500795,3.7142857142857144,0.14285714285714285
25870,MT,2020-05-31,10.0,0.0,0.9356480017365598,0.4811904008930879,5.142857142857143,0.14285714285714285
13130,MT,2020-06-01,4.0,0.0,0.37425920069462393,0.5346560009923199,5.714285714285714,0.14285714285714285
25766,MT,2020-06-02,4.0,0.0,0.37425920069463103,0.5881216010915529,6.285714285714286,0.0
25714,MT,2020-06-03,2.0,0.0,0.18712960034731196,0.5881216010915539,6.285714285714286,0.0
22074,MT,2020-06-04,14.0,0.0,1.3099072024311837,0.7217856013396339,7.714285714285714,0.0
22126,MT,2020-06-05,2.0,1.0,0.18712960034731196,0.6415872011907859,6.857142857142857,0.14285714285714285
494,MT,2020-06-06,-1.0,0.0,-0.09356480017365243,0.4678240008682814,5.0,0.14285714285714285
442,MT,2020-06-07,5.0,0.0,0.46782400086828346,0.40099200074424196,4.285714285714286,0.14285714285714285
23686,MT,2020-06-08,3.0,0.0,0.2806944005209644,0.38762560071943347,4.142857142857143,0.14285714285714285
23530,MT,2020-06-09,6.0,0.0,0.5613888010419359,0.41435840076904845,4.428571428571429,0.14285714285714285
3822,MT,2020-06-10,7.0,0.0,0.6549536012155954,0.4811904008930889,5.142857142857143,0.14285714285714285
3874,MT,2020-06-11,2.0,0.0,0.18712960034731196,0.32079360059539297,3.4285714285714284,0.14285714285714285
18226,MT,2020-06-12,10.0,0.0,0.9356480017365669,0.42772480079385794,4.571428571428571,0.0
18174,MT,2020-06-13,15.0,0.0,1.4034720026048433,0.6415872011907859,6.857142857142857,0.0
29042,MT,2020-06-14,13.0,1.0,1.2163424022575313,0.7485184013892499,8.0,0.14285714285714285
29094,MT,2020-06-15,8.0,0.0,0.7485184013892479,0.8153504015132904,8.714285714285714,0.14285714285714285
7982,MT,2020-06-16,5.0,0.0,0.46782400086828346,0.8019840014884829,8.571428571428571,0.14285714285714285
7930,MT,2020-06-17,16.0,1.0,1.4970368027784957,0.9222816017117543,9.857142857142858,0.2857142857142857
16458,MT,2020-06-18,25.0,0.0,2.33912000434141,1.22970880228234,13.142857142857142,0.2857142857142857
16406,MT,2020-06-19,11.0,0.0,1.0292128019102265,1.2430752023071483,13.285714285714286,0.2857142857142857
28730,MT,2020-06-20,32.0,0.0,2.9940736055569985,1.4703040027288847,15.714285714285714,0.2857142857142857
28782,MT,2020-06-21,19.0,0.0,1.7777312032994672,1.5505024028777328,16.571428571428573,0.14285714285714285
12194,MT,2020-06-22,17.0,1.0,1.5906016029521481,1.6708000031010042,17.857142857142858,0.2857142857142857
12142,MT,2020-06-23,9.0,0.0,0.8420832015629145,1.7242656032002373,18.428571428571427,0.2857142857142857
7358,MT,2020-06-24,23.0,0.0,2.151990403994091,1.8178304033738937,19.428571428571427,0.14285714285714285
7410,MT,2020-06-25,37.0,0.0,3.461897606425282,1.9782272036715898,21.142857142857142,0.14285714285714285
17602,MT,2020-06-26,26.0,1.0,2.4326848045150626,2.1787232040437092,23.285714285714285,0.2857142857142857
17550,MT,2020-06-27,23.0,0.0,2.151990403994091,2.0584256038204365,22.0,0.2857142857142857
9126,MT,2020-06-28,11.0,0.0,1.0292128019102194,1.9514944036219728,20.857142857142858,0.2857142857142857
8970,MT,2020-06-29,56.0,0.0,5.239628809724735,2.472784004589485,26.428571428571427,0.14285714285714285
21034,MT,2020-06-30,48.0,0.0,4.491110408335501,2.9940736055569976,32.0,0.14285714285714285
26338,MT,2020-07-01,49.0,0.0,4.584675208509182,3.3416000062020106,35.714285714285715,0.14285714285714285
13702,MT,2020-07-02,67.0,0.0,6.268841611634969,3.7425920069462513,40.0,0.14285714285714285
13754,MT,2020-07-03,45.0,1.0,4.21041600781453,3.996553607417604,42.714285714285715,0.14285714285714285
1638,MT,2020-07-04,39.0,0.0,3.649027206772587,4.210416007814532,45.0,0.14285714285714285
1586,MT,2020-07-05,45.0,0.0,4.210416007814544,4.664873608658007,49.857142857142854,0.14285714285714285
23166,MT,2020-07-06,37.0,0.0,3.461897606425268,4.410912008186655,47.142857142857146,0.14285714285714285
23218,MT,2020-07-07,78.0,0.0,7.298054413545202,4.811904008930897,51.42857142857143,0.14285714285714285
15210,MT,2020-07-08,44.0,0.0,4.116851207640863,4.745072008806852,50.714285714285715,0.14285714285714285
15366,MT,2020-07-09,95.0,2.0,8.88865601649735,5.119331209501477,54.714285714285715,0.42857142857142855
19110,MT,2020-07-10,127.0,3.0,11.882729622054342,6.215376011535737,66.42857142857143,0.7142857142857143
19058,MT,2020-07-11,84.0,1.0,7.859443214587145,6.816864012652102,72.85714285714286,0.8571428571428571
4706,MT,2020-07-12,81.0,0.0,7.578748814066159,7.29805441354519,78.0,0.8571428571428571
4758,MT,2020-07-13,85.0,3.0,7.953008014760769,7.939641614735976,84.85714285714286,1.2857142857142858
9542,MT,2020-07-14,109.0,2.0,10.198563218928541,8.354000015505024,89.28571428571429,1.5714285714285714
9490,MT,2020-07-15,144.0,0.0,13.473331225006547,9.690640017985837,103.57142857142857,1.5714285714285714
30342,MT,2020-07-16,135.0,1.0,12.631248023443533,10.225296018978147,109.28571428571429,1.4285714285714286
30394,MT,2020-07-17,135.0,2.0,12.631248023443675,10.332227219176625,110.42857142857143,1.2857142857142858
7618,MT,2020-07-18,105.0,0.0,9.824304018233846,10.612921619697582,113.42857142857143,1.1428571428571428
7670,MT,2020-07-19,62.0,0.0,5.801017610766621,10.358960019226219,110.71428571428571,1.1428571428571428
10790,MT,2020-07-20,87.0,2.0,8.14013761510816,10.385692819275846,111.0,1.0
10738,MT,2020-07-21,91.0,1.0,8.514396815802684,10.145097618829295,108.42857142857143,0.8571428571428571
27326,MT,2020-07-22,101.0,2.0,9.450044817539322,9.570342417762548,102.28571428571429,1.1428571428571428
27378,MT,2020-07-23,97.0,1.0,9.075785616844655,9.062419216819851,96.85714285714286,1.1428571428571428
16718,MT,2020-07-24,129.0,3.0,12.069859222401647,8.98222081667099,96.0,1.2857142857142858
16666,MT,2020-07-25,221.0,0.0,20.677820838378068,10.532723219548737,112.57142857142857,1.2857142857142858
6422,MT,2020-07-26,82.0,0.0,7.672313614239783,10.800051220044903,115.42857142857143,1.2857142857142858
6474,MT,2020-07-27,39.0,1.0,3.649027206772587,10.158464018854106,108.57142857142857,1.1428571428571428
29250,MT,2020-07-28,94.0,4.0,8.795091216323726,10.198563218928541,109.0,1.5714285714285714
29354,MT,2020-07-29,202.0,3.0,18.90008963507853,11.548569621434142,123.42857142857143,1.7142857142857142
2106,MT,2020-07-30,138.0,1.0,12.911942423964604,12.096592022451278,129.28571428571428,1.7142857142857142
2054,MT,2020-07-31,151.0,5.0,14.128284826222057,12.390652822997051,132.42857142857142,2.0
16510,MT,2020-08-01,116.0,1.0,10.853516820144137,10.987180820392203,117.42857142857143,2.142857142857143
5954,MT,2020-08-02,112.0,0.0,10.479257619449584,11.388172821136461,121.71428571428571,2.142857142857143
5902,MT,2020-08-03,40.0,3.0,3.742592006946154,11.401539221161256,121.85714285714286,2.4285714285714284
10946,MT,2020-08-04,81.0,0.0,7.578748814066159,11.227776020838746,120.0,1.8571428571428572
10998,MT,2020-08-05,115.0,1.0,10.759952019970456,10.06489921868045,107.57142857142857,1.5714285714285714
27742,MT,2020-08-06,173.0,0.0,16.18671043004258,10.532723219548732,112.57142857142857,1.4285714285714286
27690,MT,2020-08-07,155.0,5.0,14.502544026916723,10.58618881964797,113.14285714285714,1.4285714285714286
3926,MT,2020-08-08,132.0,5.0,12.350553622922632,10.800051220044898,115.42857142857143,2.0
3770,MT,2020-08-09,63.0,0.0,5.894582410940359,10.145097618829295,108.42857142857143,2.0
23582,MT,2020-08-10,65.0,0.0,6.081712011287607,10.479257619449502,112.0,1.5714285714285714
23634,MT,2020-08-11,87.0,2.0,8.14013761510813,10.559456019598356,112.85714285714286,1.8571428571428572
14326,MT,2020-08-12,164.0,3.0,15.344627228479567,11.214409620813942,119.85714285714286,2.142857142857143
14274,MT,2020-08-13,139.0,1.0,13.005507224138228,10.759952019970465,115.0,2.2857142857142856
2210,MT,2020-08-14,134.0,0.0,12.537683223269994,10.479257619449502,112.0,1.5714285714285714
2262,MT,2020-08-15,118.0,1.0,11.040646420491385,10.292128019102181,110.0,1.0
20462,MT,2020-08-16,91.0,0.0,8.514396815802797,10.666387219796816,114.0,1.0
20410,MT,2020-08-17,42.0,0.0,3.9297216072935726,10.35896001922624,110.71428571428571,1.0
13078,MT,2020-08-18,54.0,2.0,5.052499194182815,9.917868816236908,106.0,1.0
13026,MT,2020-08-19,110.0,0.0,10.292128034296752,9.196083217067935,98.28571428571429,0.5714285714285714
1170,MT,2020-08-20,116.0,5.0,10.853516820144137,8.88865601649735,95.0,1.1428571428571428
1222,MT,2020-08-21,144.0,0.0,13.473331225006518,9.022320016745425,96.42857142857143,1.1428571428571428
22958,MT,2020-08-22,160.0,1.0,14.970368027784957,9.583708817787365,102.42857142857143,1.1428571428571428
22906,MT,2020-08-23,53.0,0.0,4.958934409203948,9.075785616844671,97.0,1.1428571428571428
26702,MT,2020-08-24,60.0,1.0,5.613888010419146,9.316380817291181,99.57142857142857,1.2857142857142858
26754,MT,2020-08-25,135.0,6.0,12.631248023443845,10.39905922147133,111.14285714285714,1.8571428571428572
13962,MT,2020-08-26,161.0,1.0,15.063932827958524,11.080745620565867,118.42857142857143,2.0
13910,MT,2020-08-27,144.0,0.0,13.473331225006405,11.455004821260477,122.42857142857143,1.2857142857142858
21086,MT,2020-08-28,134.0,2.0,12.53768322327005,11.321340821012411,121.0,1.5714285714285714
20982,MT,2020-08-29,188.0,4.0,17.59018243264734,11.695600021707037,125.0,2.0
9022,MT,2020-08-30,89.0,0.0,8.327267215455436,12.176790422600106,130.14285714285714,2.0
9074,MT,2020-08-31,81.0,0.0,7.578748814066103,12.457484823121101,133.14285714285714,1.8571428571428572
7566,MT,2020-09-01,88.0,1.0,8.233702415281755,11.829264021955087,126.42857142857143,1.1428571428571428
17966,MT,2020-09-02,182.0,4.0,17.02879363160548,12.109958422476081,129.42857142857142,1.5714285714285714
18018,MT,2020-09-03,180.0,2.0,16.84166403125812,12.591148823369183,134.57142857142858,1.8571428571428572
28574,MT,2020-09-04,148.0,3.0,13.847590425701128,12.77827842371648,136.57142857142858,2.0
28522,MT,2020-09-05,145.0,2.0,13.566896025180199,12.203523222649746,130.42857142857142,1.7142857142857142
11778,MT,2020-09-06,100.0,1.0,9.356480017365584,12.350553622922623,132.0,1.8571428571428572
11830,MT,2020-09-07,52.0,1.0,4.865369609030154,11.962928022203203,127.85714285714286,2.0
19006,MT,2020-09-08,65.0,1.0,6.081712011287664,11.655500821632618,124.57142857142857,2.0
19162,MT,2020-09-09,87.0,3.0,8.140137615108074,10.385692819275846,111.0,1.8571428571428572
15314,MT,2020-09-10,195.0,1.0,18.24513603386299,10.58618881964797,113.14285714285714,1.7142857142857142
15262,MT,2020-09-11,122.0,8.0,11.414905621185994,10.238662419002951,109.42857142857143,2.4285714285714284
24466,MT,2020-09-12,140.0,2.0,13.099072024311909,10.17183041887891,108.71428571428571,2.4285714285714284
24518,MT,2020-09-13,96.0,2.0,8.982220816670974,10.11836481877968,108.14285714285714,2.5714285714285716
20930,MT,2020-09-14,86.0,3.0,8.04657281493462,10.572822419623176,113.0,2.857142857142857
20878,MT,2020-09-15,137.0,2.0,12.818377623790752,11.535203221409331,123.28571428571429,3.0
2678,MT,2020-09-16,187.0,1.0,17.496617632473658,12.871843223890128,137.57142857142858,2.7142857142857144
2730,MT,2020-09-17,216.0,2.0,20.209996837509834,13.152537624411107,140.57142857142858,2.857142857142857
26390,MT,2020-09-18,224.0,3.0,20.958515238899167,14.51591042694156,155.14285714285714,2.142857142857143
26442,MT,2020-09-19,292.0,10.0,27.320921650707646,16.54760323071238,176.85714285714286,3.2857142857142856
22438,MT,2020-09-20,136.0,1.0,12.724812823617185,17.082259231704693,182.57142857142858,3.142857142857143
22386,MT,2020-09-21,130.0,3.0,12.163424022575214,17.67038083279621,188.85714285714286,3.142857142857143
702,MT,2020-09-22,271.0,3.0,25.356060847060803,19.4614784361205,208.0,3.2857142857142856
754,MT,2020-09-23,212.0,2.0,19.83573763681511,19.79563843674071,211.57142857142858,3.4285714285714284
12766,MT,2020-09-24,330.0,0.0,30.87638405730695,21.319408039568867,227.85714285714286,3.142857142857143
12714,MT,2020-09-25,322.0,5.0,30.127865655917276,22.629315242000025,241.85714285714286,3.4285714285714284
25506,MT,2020-09-26,343.0,1.0,32.09272645956389,23.311001643265204,249.14285714285714,2.142857142857143
25558,MT,2020-09-27,200.0,2.0,18.712960034731168,24.166451244852915,258.2857142857143,2.2857142857142856
2002,MT,2020-09-28,306.0,1.0,28.630828853138837,26.518937649219147,283.42857142857144,2.0
2158,MT,2020-09-29,311.0,3.0,29.09865285400724,27.053593650211496,289.14285714285717,2.0
29302,MT,2020-09-30,347.0,3.0,32.46698566025884,28.8580576535606,308.42857142857144,2.142857142857143
598,MT,2020-10-01,429.0,1.0,40.13929927449817,30.181331256016488,322.57142857142856,2.2857142857142856
22282,MT,2020-10-02,355.0,5.0,33.21550406164806,30.622422456835174,327.2857142857143,2.2857142857142856
22334,MT,2020-10-03,501.0,0.0,46.87596488700183,32.73431366075488,349.85714285714283,2.142857142857143
25454,MT,2020-10-04,279.0,1.0,26.104579248450136,33.790259262714734,361.14285714285717,2.0
25402,MT,2020-10-05,212.0,3.0,19.835737636815338,32.5338176603828,347.7142857142857,2.2857142857142856
12610,MT,2020-10-06,500.0,2.0,46.78240008682792,35.060067265071474,374.7142857142857,2.142857142857143
12662,MT,2020-10-07,716.0,1.0,66.99239692433775,39.9922688742256,427.42857142857144,1.8571428571428572
19994,MT,2020-10-08,614.0,4.0,57.44878730662481,42.46505287881512,453.85714285714283,2.2857142857142856
20098,MT,2020-10-09,722.0,9.0,67.5537857253803,47.37052168791973,506.2857142857143,2.857142857142857
8190,MT,2020-10-10,718.0,3.0,67.17952652468466,50.27103049330299,537.2857142857143,3.2857142857142856
8086,MT,2020-10-11,585.0,1.0,54.7354081015892,54.361148900894285,581.0,3.2857142857142856
29406,MT,2020-10-12,423.0,2.0,39.57791047345654,57.18145930612874,611.1428571428571,3.142857142857143
29458,MT,2020-10-13,486.0,5.0,45.47249288439684,56.994329705781446,609.1428571428571,3.5714285714285716
18122,MT,2020-10-14,599.0,8.0,56.04531530402005,55.43046090287891,592.4285714285714,4.571428571428571
18070,MT,2020-10-15,723.0,5.0,67.64735052555375,56.88739850558305,608.0,4.714285714285714
3458,MT,2020-10-16,662.0,5.0,61.93989771496035,56.08541450409449,599.4285714285714,4.142857142857143
3510,MT,2020-10-17,630.0,4.0,58.9458241094037,54.90917130191149,586.8571428571429,4.285714285714286
27430,MT,2020-10-18,596.0,2.0,55.764620903498326,55.056201702184225,588.4285714285714,4.428571428571429
27482,MT,2020-10-19,569.0,0.0,53.23837129881122,57.00769610580632,609.2857142857143,4.142857142857143
17914,MT,2020-10-20,703.0,11.0,65.77605452208081,59.90820491118974,640.2857142857143,5.0
17862,MT,2020-10-21,619.0,23.0,57.91661130749253,60.17553291168581,643.1428571428571,7.142857142857143
7462,MT,2020-10-22,928.0,3.0,86.82813456115355,62.9156449167715,672.4285714285714,6.857142857142857
7514,MT,2020-10-23,863.0,4.0,80.74642254986475,65.60229132175785,701.1428571428571,6.714285714285714
11726,MT,2020-10-24,639.0,12.0,59.7879073109666,65.72258892198111,702.4285714285714,7.857142857142857
11674,MT,2020-10-25,738.0,3.0,69.05082252815828,67.62061772550396,722.7142857142857,8.0
28418,MT,2020-10-26,621.0,6.0,58.10374090784035,68.31567052679384,730.1428571428571,8.857142857142858
28470,MT,2020-10-27,845.0,2.0,79.06225614673986,70.21369933031656,750.4285714285714,7.571428571428571
4602,MT,2020-10-28,620.0,20.0,58.01017610766712,70.2270657303415,750.5714285714286,7.142857142857143
4654,MT,2020-10-29,887.0,12.0,82.99197775403263,69.67904332932423,744.7142857142857,8.428571428571429
24622,MT,2020-10-30,1063.0,27.0,99.45938258459637,72.35232333428588,773.2857142857143,11.714285714285714
24570,MT,2020-10-31,885.0,11.0,82.80484815368663,75.64045774038875,808.4285714285714,11.571428571428571
23114,MT,2020-11-01,694.0,1.0,64.93397132051723,75.05233613929717,802.1428571428571,11.285714285714286
1326,MT,2020-11-02,757.0,10.0,70.8285537314573,76.87016654267102,821.5714285714286,11.857142857142858
1274,MT,2020-11-03,907.0,13.0,84.8632737575067,77.69888334420914,830.4285714285714,13.428571428571429
14014,MT,2020-11-04,796.0,5.0,74.47758093822995,80.05136974857525,855.5714285714286,11.285714285714286
14066,MT,2020-11-05,1013.0,3.0,94.78114257591369,81.73553615170113,873.5714285714286,10.0
26858,MT,2020-11-06,979.0,12.0,91.5999393700099,80.61275854961734,861.5714285714286,7.857142857142857
26806,MT,2020-11-07,1001.0,26.0,93.65836497383043,82.16326095249504,878.1428571428571,10.0
2938,MT,2020-11-08,731.0,11.0,68.39586892694206,82.65781775341286,883.4285714285714,11.428571428571429
2834,MT,2020-11-09,374.0,1.0,34.993235264948,77.53848654391153,828.7142857142857,10.142857142857142
30186,MT,2020-11-10,1098.0,5.0,102.73415059067383,80.09146894864969,856.0,9.0
30290,MT,2020-11-11,919.0,10.0,85.98605135958996,81.73553615170113,873.5714285714286,9.714285714285714
8918,MT,2020-11-12,961.0,0.0,89.9157729668841,81.04048335041118,866.1428571428571,9.285714285714286
8866,MT,2020-11-13,1213.0,5.0,113.49410261064577,84.1682209562163,899.5714285714286,8.285714285714286
4810,MT,2020-11-14,1642.0,37.0,153.63340188514303,92.7360833721181,991.1428571428571,9.857142857142858
4862,MT,2020-11-15,1272.0,6.0,119.01442582089021,99.96730578553927,1068.4285714285713,9.142857142857142
19526,MT,2020-11-16,869.0,2.0,81.30781135090729,106.58367379781917,1139.142857142857,9.285714285714286
19474,MT,2020-11-17,1371.0,21.0,128.27734103808325,110.23270100459195,1178.142857142857,11.571428571428571
12090,MT,2020-11-18,1184.0,18.0,110.78072340560902,113.7747970111661,1216.0,12.714285714285714
11986,MT,2020-11-19,1236.0,0.0,115.64609301463861,117.45055701798817,1255.2857142857142,12.714285714285714
6006,MT,2020-11-20,1475.0,6.0,138.00808025614424,120.95255382448795,1292.7142857142858,12.857142857142858
6058,MT,2020-11-21,1249.0,33.0,116.862435416896,115.69955861473838,1236.5714285714287,12.285714285714286
16614,MT,2020-11-22,1138.0,3.0,106.47674259762061,113.90846101141415,1217.4285714285713,11.857142857142858
16562,MT,2020-11-23,701.0,11.0,65.58892492173254,111.66290580724633,1193.4285714285713,13.142857142857142
27794,MT,2020-11-24,1123.0,16.0,105.07327059501586,108.34803860109385,1158.0,12.428571428571429
27846,MT,2020-11-25,1061.0,22.0,99.27225298425037,106.70397139804261,1140.4285714285713,13.0
11102,MT,2020-11-26,1117.0,6.0,104.51188179397468,105.11336979509062,1123.4285714285713,13.857142857142858
11050,MT,2020-11-27,114.0,-1.0,10.666387219795979,86.92169936132657,929.0,12.857142857142858
18434,MT,2020-11-28,1049.0,12.0,98.14947538216529,84.24841935636505,900.4285714285714,9.857142857142858
18330,MT,2020-11-29,956.0,2.0,89.44794896601525,81.81573455185,874.4285714285714,9.714285714285714
14118,MT,2020-11-30,397.0,10.0,37.14522566894175,77.75234894430845,831.0,9.571428571428571
23478,MT,2020-12-01,1007.0,17.0,94.2197537748707,76.20184654143057,814.4285714285714,9.714285714285714
14430,MT,2020-12-02,1135.0,15.0,106.19604819710094,77.19096014326637,825.0,8.714285714285714
14378,MT,2020-12-03,782.0,9.0,73.16767373579933,72.7132161349556,777.1428571428571,9.142857142857142
2314,MT,2020-12-04,1314.0,5.0,122.9441474281839,88.7528961647253,948.5714285714286,10.0
2366,MT,2020-12-05,633.0,7.0,59.22651850992588,83.19247375440538,889.1428571428571,9.285714285714286
20358,MT,2020-12-06,806.0,2.0,75.41322893996585,81.18751375068405,867.7142857142857,9.285714285714286
20306,MT,2020-12-07,716.0,6.0,66.99239692433912,85.45139535859796,913.2857142857143,8.714285714285714
12870,MT,2020-12-08,755.0,21.0,70.64142413110949,82.08306255234636,877.2857142857143,9.285714285714286
12818,MT,2020-12-09,787.0,8.0,73.63549773666637,77.43155534371284,827.5714285714286,8.285714285714286
16302,MT,2020-12-10,759.0,10.0,71.01568333180603,77.12412814314237,824.2857142857143,8.428571428571429
16354,MT,2020-12-11,978.0,24.0,91.50637456983623,72.633017734807,776.2857142857143,11.142857142857142
6266,MT,2020-12-12,774.0,11.0,72.41915533440897,74.51768013830458,796.4285714285714,11.714285714285714
6214,MT,2020-12-13,659.0,2.0,61.659203314439765,72.552819334658,775.4285714285714,11.714285714285714
11154,MT,2020-12-14,0.0,0.0,0.0,62.982476916895266,673.1428571428571,10.857142857142858
11206,MT,2020-12-15,737.0,8.0,68.95725772798414,62.74188171644879,670.5714285714286,9.0
27638,MT,2020-12-16,604.0,10.0,56.51313930488959,60.295830511909244,644.4285714285714,9.285714285714286
27586,MT,2020-12-17,839.0,13.0,78.50086734569686,61.36514251389365,655.8571428571429,9.714285714285714
3718,MT,2020-12-18,509.0,5.0,47.624483288391275,55.096300902258655,588.8571428571429,7.0
3666,MT,2020-12-19,627.0,10.0,58.66512970888289,53.131440098612075,567.8571428571429,6.857142857142857
9178,MT,2020-12-20,551.0,1.0,51.55420489568314,51.68786889593256,552.4285714285714,6.714285714285714
9230,MT,2020-12-21,154.0,16.0,14.408979226743213,53.74629449975301,574.4285714285714,9.0
29978,MT,2020-12-22,623.0,14.0,58.29087050818907,52.22252489692515,558.1428571428571,9.857142857142858
29926,MT,2020-12-23,575.0,19.0,53.79976009985239,51.83489929620555,554.0,11.142857142857142
19370,MT,2020-12-24,407.0,2.0,38.08087367067674,46.06061448548839,492.2857142857143,9.571428571428571
19422,MT,2020-12-25,0.0,0.0,0.0,39.25711687286106,419.57142857142856,8.857142857142858
4966,MT,2020-12-26,504.0,3.0,47.156659287525144,37.61304966980996,402.0,7.857142857142857
4914,MT,2020-12-27,347.0,5.0,32.46698566025589,34.88630406474892,372.85714285714283,8.428571428571429
28886,MT,2020-12-28,219.0,3.0,20.490691238032014,35.755120066361606,382.14285714285717,6.571428571428571
28834,MT,2020-12-29,427.0,12.0,39.952169674152174,33.135305661499196,354.14285714285717,6.285714285714286
1378,MT,2020-12-30,874.0,11.0,81.77563535177433,37.131859268916614,396.85714285714283,5.142857142857143
1430,MT,2020-12-31,255.0,11.0,23.859024044282705,35.10016646514604,375.14285714285717,6.428571428571429
19214,MT,2021-01-01,0.0,0.0,0.0,35.10016646514604,375.14285714285717,6.428571428571429
4446,MT,2021-01-02,389.0,10.0,36.3967072675523,33.56303046229277,358.7142857142857,7.428571428571429
4394,MT,2021-01-03,437.0,1.0,40.88781767588716,34.76600646452581,371.57142857142856,6.857142857142857
9282,MT,2021-01-04,283.0,3.0,26.47883844914577,35.62145606611349,380.7142857142857,6.857142857142857
9334,MT,2021-01-05,714.0,30.0,66.80526732399085,39.4576128732333,421.7142857142857,9.428571428571429
30498,MT,2021-01-06,682.0,10.0,63.81119371843306,36.891264068470264,394.2857142857143,9.285714285714286
30446,MT,2021-01-07,690.0,23.0,64.5597121198216,42.705648079261536,456.42857142857144,11.0
7774,MT,2021-01-08,818.0,11.0,76.53600654205184,53.63936329955465,573.2857142857143,12.571428571428571
7722,MT,2021-01-09,534.0,5.0,49.96360329273284,55.577491303151874,594.0,11.857142857142858
26598,MT,2021-01-10,222.0,2.0,20.771385638551692,52.703715297818235,563.2857142857143,12.0
26650,MT,2021-01-11,329.0,1.0,30.78281925713145,53.318569698959045,569.8571428571429,11.714285714285714
13650,MT,2021-01-12,424.0,10.0,39.671475273631586,49.442313691764866,528.4285714285714,8.857142857142858
13598,MT,2021-01-13,576.0,2.0,53.89332490002562,48.02547528913523,513.2857142857143,7.714285714285714
1482,MT,2021-01-14,457.0,8.0,42.75911367936169,44.91110408335525,480.0,5.571428571428571
1534,MT,2021-01-15,525.0,9.0,49.12152009116835,40.99474887608618,438.14285714285717,5.285714285714286
23426,MT,2021-01-16,421.0,2.0,39.39078087310918,39.484345673282796,422.0,4.857142857142857
23374,MT,2021-01-17,337.0,4.0,31.531337658523626,41.02148167613593,438.42857142857144,5.142857142857143
15470,MT,2021-01-18,183.0,1.0,17.122358431777684,39.06998727251396,417.57142857142856,5.142857142857143
15418,MT,2021-01-19,288.0,0.0,26.946662450014628,37.25215686914011,398.14285714285717,3.7142857142857144
1794,MT,2021-01-20,391.0,1.0,36.58383686789966,34.77937286455069,371.7142857142857,3.5714285714285716
1846,MT,2021-01-21,394.0,6.0,36.86453126842025,33.937289662987624,362.7142857142857,3.2857142857142856
20254,MT,2021-01-22,400.0,4.0,37.42592006946143,32.26648965988664,344.85714285714283,2.5714285714285716
20202,MT,2021-01-23,361.0,37.0,33.776892862691966,31.464505658398462,336.2857142857143,7.571428571428571
23842,MT,2021-01-24,242.0,10.0,22.64268164202258,30.19469765604117,322.7142857142857,8.428571428571429
23894,MT,2021-01-25,164.0,0.0,15.344627228480022,29.940736055570078,320.0,8.285714285714286
14534,MT,2021-01-26,344.0,34.0,32.18629125973894,30.689254456959265,328.0,13.142857142857142
14482,MT,2021-01-27,371.0,16.0,34.712540864426046,30.421926456463034,325.14285714285717,15.285714285714286
22230,MT,2021-01-28,403.0,9.0,37.70661446998383,30.5422240566864,326.42857142857144,15.714285714285714
22178,MT,2021-01-29,312.0,17.0,29.19221765417933,29.365980854503245,313.85714285714283,17.571428571428573
10634,MT,2021-01-30,516.0,5.0,48.279436889606586,31.43777285834819,336.0,13.0
10686,MT,2021-01-31,187.0,1.0,17.496617632474226,30.70262085698414,328.14285714285717,11.714285714285714
27534,MT,2021-02-01,121.0,1.0,11.3213408210122,30.127865655917308,322.0,11.857142857142858
10894,MT,2021-02-02,314.0,15.0,29.3793472545276,29.72687365517283,317.7142857142857,9.142857142857142
10842,MT,2021-02-03,426.0,54.0,39.85860487397804,30.462025656537403,325.57142857142856,14.571428571428571
6526,MT,2021-02-04,301.0,5.0,28.163004852271115,29.098652854007014,311.0,14.0
6578,MT,2021-02-05,347.0,-1.0,32.466985660257706,29.566476854875354,316.0,11.428571428571429
16822,MT,2021-02-06,259.0,5.0,24.23328324497743,26.13131204849976,279.2857142857143,11.428571428571429
16770,MT,2021-02-07,73.0,2.0,6.830230412677338,24.607542445671633,263.0,11.571428571428571
8138,MT,2021-02-08,124.0,0.0,11.602035221532788,24.647641645746003,263.42857142857144,11.428571428571429
8034,MT,2021-02-09,374.0,1.0,34.99323526494845,25.449625647234694,272.0,9.428571428571429
20046,MT,2021-02-10,307.0,5.0,28.72439365331229,23.859024044282446,255.0,2.4285714285714284
20150,MT,2021-02-11,247.0,0.0,23.11050564289326,23.137238442942753,247.28571428571428,1.7142857142857142
1950,MT,2021-02-12,221.0,4.0,20.677820838378466,21.453072039817147,229.28571428571428,2.4285714285714284
1898,MT,2021-02-13,234.0,3.0,21.894163240634953,21.118912039196793,225.71428571428572,2.142857142857143
14586,MT,2021-02-14,104.0,0.0,9.730739218057352,21.533270439965367,230.14285714285714,1.8571428571428572
14638,MT,2021-02-15,138.0,1.0,12.911942423968867,21.720400040313375,232.14285714285714,2.0
23790,MT,2021-02-16,127.0,3.0,11.882729622053375,18.41889923418551,196.85714285714286,2.2857142857142856
23738,MT,2021-02-17,234.0,3.0,21.894163240634953,17.44315203237446,186.42857142857142,2.0
650,MT,2021-02-18,200.0,3.0,18.712960034730713,16.814931231208384,179.71428571428572,2.4285714285714284
546,MT,2021-02-19,277.0,2.0,25.917449648102775,17.56344963259757,187.71428571428572,2.142857142857143
13806,MT,2021-02-20,264.0,2.0,24.701107245846288,17.964441633342044,192.0,2.0
13858,MT,2021-02-21,138.0,1.0,12.91194242396341,18.41889923418577,196.85714285714286,2.142857142857143
26546,MT,2021-02-22,31.0,-1.0,2.9005088053836516,16.98869443153074,181.57142857142858,1.8571428571428572
26494,MT,2021-02-23,230.0,5.0,21.51990403994205,18.365433634086262,196.28571428571428,2.142857142857143
23270,MT,2021-02-24,202.0,2.0,18.900089635078984,17.937708833292554,191.71428571428572,2.0
23322,MT,2021-02-25,203.0,2.0,18.9936544352513,17.977808033366923,192.14285714285714,1.8571428571428572
1742,MT,2021-02-26,168.0,4.0,15.718886429176564,16.520870430663177,176.57142857142858,2.142857142857143
1690,MT,2021-02-27,224.0,2.0,20.958515238897235,15.986214429670456,170.85714285714286,2.142857142857143
24674,MT,2021-02-28,117.0,1.0,10.947081620317476,15.705520029149609,167.85714285714286,2.142857142857143
12038,MT,2021-03-01,49.0,0.0,4.5846752085089975,15.946115229596087,170.42857142857142,2.2857142857142856
28626,MT,2021-03-02,155.0,15.0,14.50254402691644,14.943635227735285,159.71428571428572,3.7142857142857144
28678,MT,2021-03-03,193.0,1.0,18.058006433515402,14.823337627511917,158.42857142857142,3.5714285714285716
17498,MT,2021-03-04,180.0,2.0,16.841664031260734,14.515910426941835,155.14285714285714,3.5714285714285716
17446,MT,2021-03-05,125.0,4.0,11.695600021705104,13.941155225874484,149.0,3.5714285714285716
7254,MT,2021-03-06,0.0,0.0,0.0,10.947081620317736,117.0,3.2857142857142856
7306,MT,2021-03-07,258.0,2.0,540.9916746040799,86.66773776085522,137.14285714285714,3.4285714285714284
30134,MT,2021-03-08,45.0,0.0,0.0,86.01278415963965,136.57142857142858,3.4285714285714284
30238,MT,2021-03-09,134.0,4.0,-500.1038569281918,12.497584023195616,133.57142857142858,1.8571428571428572
2990,MT,2021-03-10,150.0,2.0,14.03472002604758,11.922828822128784,127.42857142857143,2.0
2886,MT,2021-03-11,181.0,4.0,16.935228831431232,11.936195222153142,127.57142857142857,2.2857142857142856
21138,MT,2021-03-12,132.0,1.0,12.350553622924053,12.029760022327277,128.57142857142858,1.8571428571428572
21190,MT,2021-03-13,170.0,0.0,15.906016029521197,14.302048026544592,152.85714285714286,1.8571428571428572
24310,MT,2021-03-14,34.0,0.0,3.1812032059042394,-62.52801931605193,120.85714285714286,1.5714285714285714
24258,MT,2021-03-15,173.0,1.0,16.186710430041785,-60.21563211176025,139.14285714285714,1.7142857142857142
15106,MT,2021-03-16,411.0,3.0,38.45513287137146,16.721366431034507,178.71428571428572,1.5714285714285714
15158,MT,2021-03-17,140.0,0.0,13.099072024311681,16.58770243078652,177.28571428571428,1.2857142857142858
23010,MT,2021-03-18,132.0,10.0,12.350553622924053,15.93274882957121,170.28571428571428,2.142857142857143
23062,MT,2021-03-19,152.0,3.0,14.221849626395851,16.200076830067182,173.14285714285714,2.4285714285714284
25662,MT,2021-03-20,198.0,5.0,18.52583043438426,16.574336030761906,177.14285714285714,3.142857142857143
25610,MT,2021-03-21,94.0,0.0,8.79509121632509,17.376320032250597,185.71428571428572,3.142857142857143
12922,MT,2021-03-22,38.0,0.0,3.555462406597144,15.571856028901363,166.42857142857142,3.0
12974,MT,2021-03-23,354.0,5.0,33.121939261474836,14.80997122748756,158.28571428571428,3.2857142857142856
390,MT,2021-03-24,214.0,12.0,20.022867237163155,15.799084829323485,168.85714285714286,5.0
338,MT,2021-03-25,164.0,4.0,15.344627228478203,16.226809630116936,173.42857142857142,4.142857142857143
21970,MT,2021-03-26,150.0,0.0,14.0347200260494,16.20007683006744,173.14285714285714,3.7142857142857144
22022,MT,2021-03-27,117.0,1.0,10.947081620317476,15.1173984280579,161.57142857142858,3.142857142857143
14170,MT,2021-03-28,31.0,0.0,2.9005088053836516,14.275315226494838,152.57142857142858,3.142857142857143
14222,MT,2021-03-29,35.0,0.0,3.274768006080194,14.235216026420987,152.14285714285714,3.142857142857143
18382,MT,2021-03-30,158.0,1.0,14.783238427435208,11.615401621558183,124.14285714285714,2.5714285714285716
18278,MT,2021-03-31,231.0,0.0,21.613468840114365,11.842630421979786,126.57142857142857,0.8571428571428571
21450,MT,2021-04-01,173.0,1.0,16.186710430041785,11.962928022203155,127.85714285714286,0.42857142857142855
3406,MT,2021-04-02,128.0,16.0,11.976294422227511,11.66886722165717,124.71428571428571,2.7142857142857144
3354,MT,2021-04-03,182.0,11.0,17.028793631609005,12.537683223270246,134.0,4.142857142857143
15522,MT,2021-04-04,107.0,1.0,10.011433618579758,13.553529625155404,144.85714285714286,4.285714285714286
15574,MT,2021-04-05,0.0,0.0,0.0,13.085705624286804,139.85714285714286,4.285714285714286
24778,MT,2021-04-06,191.0,11.0,17.87087683316713,13.52679682510565,144.57142857142858,5.714285714285714
24726,MT,2021-04-07,193.0,12.0,18.058006433515402,13.018873624162941,139.14285714285714,7.428571428571429
858,MT,2021-04-08,224.0,5.0,20.958515238899054,13.700560025428265,146.42857142857142,8.0
806,MT,2021-04-09,224.0,27.0,20.958515238899054,14.983734427809916,160.14285714285714,9.571428571428571
28106,MT,2021-04-10,168.0,2.0,15.718886429174745,14.796604827462163,158.14285714285714,8.285714285714286
28158,MT,2021-04-11,41.0,0.0,3.8361568071195506,13.914422425824991,148.71428571428572,8.142857142857142
11622,MT,2021-04-12,70.0,1.0,6.54953601215675,14.85007042756167,158.71428571428572,8.285714285714286
11570,MT,2021-04-13,173.0,2.0,16.186710430041785,14.609475227115192,156.14285714285714,7.0
6734,MT,2021-04-14,205.0,0.0,19.180784035597753,14.76987202741267,157.85714285714286,5.285714285714286
6786,MT,2021-04-15,192.0,2.0,17.964441633344904,14.34214722661922,153.28571428571428,4.857142857142857
17030,MT,2021-04-16,118.0,9.0,11.040646420491612,12.925308823989585,138.14285714285714,2.2857142857142856
16978,MT,2021-04-17,148.0,8.0,13.847590425699309,12.657980823493094,135.28571428571428,3.142857142857143
9646,MT,2021-04-18,56.0,1.0,5.239628809724309,12.858476823865203,137.42857142857142,3.2857142857142856
9594,MT,2021-04-19,57.0,0.0,5.333193609900263,12.684713623542848,135.57142857142858,3.142857142857143
4290,MT,2021-04-20,177.0,6.0,16.56096963073651,12.738179223642094,136.14285714285714,3.7142857142857144
4342,MT,2021-04-21,158.0,5.0,14.783238427435208,12.109958422476016,129.42857142857142,4.428571428571429
18746,MT,2021-04-22,181.0,0.0,16.93522883143487,11.962928022203155,127.85714285714286,4.142857142857143
18694,MT,2021-04-23,155.0,2.0,14.502544026918258,12.457484823121247,133.14285714285714,3.142857142857143
29510,MT,2021-04-24,175.0,4.0,16.373840030388237,12.818377623791093,137.0,2.5714285714285716
29562,MT,2021-04-25,49.0,0.0,4.5846752085089975,12.724812823617478,136.0,2.4285714285714284
8502,MT,2021-04-26,14.0,0.0,1.3099072024306224,12.150057622550387,129.85714285714286,2.4285714285714284
8450,MT,2021-04-27,176.0,3.0,16.467404830564192,12.13669122252577,129.71428571428572,2.0
16042,MT,2021-04-28,202.0,1.0,18.900089635078984,12.724812823617738,136.0,1.4285714285714286
15990,MT,2021-04-29,174.0,3.0,16.28027523021592,12.631248023443602,135.0,1.8571428571428572
12558,MT,2021-04-30,154.0,1.0,14.408979226742304,12.617881623418466,134.85714285714286,1.7142857142857142
2522,MT,2021-05-01,168.0,3.0,15.718886429174745,12.52431682324511,133.85714285714286,1.5714285714285714
20514,MT,2021-05-02,45.0,0.0,4.210416007816093,12.470851223146123,133.28571428571428,1.5714285714285714
20566,MT,2021-05-03,62.0,0.0,5.801017610763665,13.112438424336558,140.14285714285714,1.5714285714285714
24206,MT,2021-05-04,223.0,3.0,20.864950438726737,13.740659225502636,146.85714285714286,1.5714285714285714
24154,MT,2021-05-05,140.0,1.0,13.0990720243135,12.911942423964708,138.0,1.5714285714285714
14898,MT,2021-05-06,133.0,2.0,12.444118423094551,12.36392002294737,132.14285714285714,1.4285714285714286
14950,MT,2021-05-07,149.0,12.0,13.941155225875264,12.297088022823507,131.42857142857142,3.0
21866,MT,2021-05-08,152.0,0.0,14.221849626395851,12.083225622426523,129.14285714285714,2.5714285714285716
21918,MT,2021-05-09,35.0,0.0,3.274768006076556,11.949561622178019,127.71428571428571,2.5714285714285716
10270,MT,2021-05-10,11.0,0.0,1.0292128019136726,11.267875220913734,120.42857142857143,2.5714285714285716
10218,MT,2021-05-11,172.0,1.0,16.09314562986583,10.586188819647889,113.14285714285714,2.2857142857142856
26910,MT,2021-05-12,210.0,2.0,19.64860803647025,11.521836821384568,123.14285714285714,2.4285714285714284
26962,MT,2021-05-13,112.0,2.0,10.479257619446798,11.24114242086346,120.14285714285714,2.4285714285714284
16146,MT,2021-05-14,131.0,1.0,12.256988822748099,11.000547220416722,117.57142857142857,0.8571428571428571
16094,MT,2021-05-15,84.0,0.0,7.8594432145891915,10.091632018730056,107.85714285714286,0.8571428571428571
5798,MT,2021-05-16,41.0,0.0,3.8361568071195506,10.171830418879056,108.71428571428571,0.8571428571428571
5850,MT,2021-05-17,38.0,0.0,3.555462406598963,10.532723219548384,112.57142857142857,0.8571428571428571
29822,MT,2021-05-18,138.0,4.0,12.911942423965229,10.07826561870544,107.71428571428571,1.2857142857142858
29874,MT,2021-05-19,131.0,0.0,12.256988822748099,9.022320016745132,96.42857142857143,1.0
19630,MT,2021-05-20,33.0,2.0,3.087638405731923,7.966374414785865,85.14285714285714,1.0
19578,MT,2021-05-21,136.0,0.0,12.724812823615139,8.033206414909728,85.85714285714286,0.8571428571428571
5226,MT,2021-05-22,7.0,-1.0,0.6549536012171302,7.003993612999433,74.85714285714286,0.7142857142857143
5278,MT,2021-05-23,35.0,0.0,3.274768006074737,6.923795212850174,74.0,0.7142857142857143
9958,MT,2021-05-24,21.0,0.0,1.9648608036477526,6.696566412428573,71.57142857142857,0.7142857142857143
9906,MT,2021-05-25,153.0,3.0,14.315414426573625,6.8970624128012,73.71428571428571,0.5714285714285714
30914,MT,2021-05-26,77.0,1.0,7.204489613366604,6.1752768114609875,66.0,0.7142857142857143
30966,MT,2021-05-27,169.0,3.0,15.8124512293507,7.993107214835098,85.42857142857143,0.8571428571428571
6838,MT,2021-05-28,95.0,2.0,8.888656016497407,7.445084813818279,79.57142857142857,1.1428571428571428
6890,MT,2021-05-29,67.0,1.0,6.268841611634343,8.247068815306452,88.14285714285714,1.4285714285714286
25974,MT,2021-05-30,24.0,0.0,2.2455552041683404,8.10003841503411,86.57142857142857,1.4285714285714286
25922,MT,2021-05-31,20.0,0.0,1.871296003471798,8.086672015008974,86.42857142857143,1.4285714285714286
13182,MT,2021-06-01,15.0,0.0,1.403472002606577,6.24210881158511,66.71428571428571,1.0
26026,MT,2021-06-02,158.0,8.0,14.783238427437027,7.324787213595171,78.28571428571429,2.0
26078,MT,2021-06-03,127.0,6.0,11.882729622055194,6.763398412552955,72.28571428571429,2.4285714285714284
22750,MT,2021-06-04,131.0,5.0,12.25698882274628,7.2445888134456515,77.42857142857143,2.857142857142857
22698,MT,2021-06-05,0.0,0.0,0.0,6.349040011783602,67.85714285714286,2.7142857142857144
1066,MT,2021-06-06,0.0,0.0,0.0,6.0282464111881255,64.42857142857143,2.7142857142857144
1118,MT,2021-06-07,121.0,1.0,11.3213408210122,7.378252813693897,78.85714285714286,2.857142857142857
24830,MT,2021-06-08,137.0,1.0,12.818377623792912,9.008953616720516,96.28571428571429,3.0
24986,MT,2021-06-09,73.0,2.0,6.830230412677338,7.872809614611989,84.14285714285714,2.142857142857143
5122,MT,2021-06-10,99.0,2.0,9.26291521719213,7.498550413917266,80.14285714285714,1.5714285714285714
5070,MT,2021-06-11,71.0,3.0,6.643100812330886,6.696566412429353,71.57142857142857,1.2857142857142858
19786,MT,2021-06-12,0.0,0.0,0.0,6.696566412429353,71.57142857142857,1.2857142857142858
19838,MT,2021-06-13,0.0,0.0,0.0,6.696566412429353,71.57142857142857,1.2857142857142858
31070,MT,2021-06-14,89.0,2.0,8.327267215452594,6.268841611635123,67.0,1.4285714285714286
31018,MT,2021-06-15,99.0,4.0,9.262915217190312,5.760918410691894,61.57142857142857,1.8571428571428572
9802,MT,2021-06-16,72.0,2.0,6.736665612505021,5.7475520106672775,61.42857142857143,1.8571428571428572
9854,MT,2021-06-17,71.0,2.0,6.643100812330886,5.373292809972814,57.42857142857143,1.8571428571428572
17342,MT,2021-06-18,75.0,0.0,7.01736001302379,5.4267584100718,58.0,1.4285714285714286
17394,MT,2021-06-19,0.0,0.0,0.0,5.4267584100718,58.0,1.4285714285714286
27066,MT,2021-06-20,0.0,0.0,0.0,5.4267584100718,58.0,1.4285714285714286
27014,MT,2021-06-21,58.0,1.0,5.42675841007258,5.012400009303227,53.57142857142857,1.2857142857142858
10010,MT,2021-06-22,116.0,3.0,10.85351682014334,5.2396288097250885,56.0,1.1428571428571428
10062,MT,2021-06-23,62.0,2.0,5.801017610767303,5.105964809476843,54.57142857142857,1.1428571428571428
5746,MT,2021-06-24,68.0,4.0,6.362406411804841,5.065865609401693,54.142857142857146,1.4285714285714286
5694,MT,2021-06-25,58.0,1.0,5.426758410076218,4.8386368089806115,51.714285714285715,1.5714285714285714
16198,MT,2021-06-26,0.0,0.0,0.0,4.8386368089806115,51.714285714285715,1.5714285714285714
16250,MT,2021-06-27,0.0,0.0,0.0,4.8386368089806115,51.714285714285715,1.5714285714285714
8554,MT,2021-06-28,48.0,0.0,4.491110408334862,4.704972808732366,50.285714285714285,1.4285714285714286
8710,MT,2021-06-29,113.0,3.0,10.572822419620934,4.664873608657737,49.857142857142854,1.4285714285714286
20670,MT,2021-06-30,65.0,0.0,6.081712011287891,4.704972808732107,50.285714285714285,1.1428571428571428
25350,MT,2021-07-01,66.0,1.0,6.175276811465665,4.678240008683653,50.0,0.7142857142857143
12506,MT,2021-07-02,52.0,0.0,4.865369609027766,4.598041608533874,49.142857142857146,0.5714285714285714
12454,MT,2021-07-03,0.0,0.0,0.0,4.598041608533874,49.142857142857146,0.5714285714285714
26,MT,2021-07-04,0.0,0.0,0.0,4.598041608533874,49.142857142857146,0.5714285714285714
78,MT,2021-07-05,0.0,0.0,0.0,3.9564544073431795,42.285714285714285,0.5714285714285714
21658,MT,2021-07-06,78.0,2.0,7.298054413542559,3.48863040647484,37.285714285714285,0.42857142857142855
21606,MT,2021-07-07,151.0,3.0,14.128284826225354,4.638140808608763,49.57142857142857,0.8571428571428571
14846,MT,2021-07-08,87.0,1.0,8.14013761510796,4.9188352091290914,52.57142857142857,0.8571428571428571
14690,MT,2021-07-09,51.0,1.0,4.77180480885545,4.905468809104475,52.42857142857143,1.0
18850,MT,2021-07-10,0.0,0.0,0.0,4.905468809104475,52.42857142857143,1.0
18902,MT,2021-07-11,0.0,0.0,0.0,4.905468809104475,52.42857142857143,1.0
4134,MT,2021-07-12,85.0,1.0,7.953008014759689,6.041612811213001,64.57142857142857,1.1428571428571428
4082,MT,2021-07-13,90.0,2.0,8.420832015630367,6.20200961151126,66.28571428571429,1.1428571428571428
8346,MT,2021-07-14,93.0,7.0,8.701526416149136,5.4267584100718,58.0,1.7142857142857142
8398,MT,2021-07-15,68.0,3.0,6.362406411808479,5.172796809600446,55.285714285714285,2.0
29666,MT,2021-07-16,87.0,5.0,8.14013761510978,5.653987210493922,60.42857142857143,2.5714285714285716
29614,MT,2021-07-17,0.0,0.0,0.0,5.653987210493922,60.42857142857143,2.5714285714285716
5486,MT,2021-07-18,0.0,0.0,0.0,5.653987210493922,60.42857142857143,2.5714285714285716
5434,MT,2021-07-19,79.0,1.0,7.3916192137185135,5.5737888103451825,59.57142857142857,2.5714285714285716
11466,MT,2021-07-20,157.0,1.0,14.68967362726471,6.469337612007231,69.14285714285714,2.4285714285714284
11518,MT,2021-07-21,103.0,1.0,9.637174417885035,6.603001612255217,70.57142857142857,1.5714285714285714
28366,MT,2021-07-22,141.0,1.0,13.192636824485817,7.578748814066265,81.0,1.2857142857142858
28314,MT,2021-07-23,112.0,0.0,10.479257619450436,7.912908814686359,84.57142857142857,0.5714285714285714
17082,MT,2021-07-24,0.0,0.0,0.0,7.912908814686359,84.57142857142857,0.5714285714285714
17134,MT,2021-07-25,0.0,0.0,0.0,7.912908814686359,84.57142857142857,0.5714285714285714
6682,MT,2021-07-26,151.0,0.0,14.128284826221716,8.87528961647253,94.85714285714286,0.42857142857142855
6630,MT,2021-07-27,259.0,4.0,24.23328324497561,10.23866241900266,109.42857142857143,0.8571428571428571
30862,MT,2021-07-28,223.0,5.0,20.864950438726737,11.842630421980045,126.57142857142857,1.4285714285714286
30758,MT,2021-07-29,255.0,0.0,23.859024044282705,13.366400024808172,142.85714285714286,1.2857142857142858
3198,MT,2021-07-30,223.0,0.0,20.864950438724918,14.85007042756167,158.71428571428572,1.2857142857142858
3250,MT,2021-07-31,0.0,0.0,0.0,14.85007042756167,158.71428571428572,1.2857142857142858
17290,MT,2021-08-01,0.0,0.0,0.0,14.85007042756167,158.71428571428572,1.2857142857142858
7046,MT,2021-08-02,268.0,4.0,25.075366446539192,16.413939230464166,175.42857142857142,1.8571428571428572
7098,MT,2021-08-03,399.0,8.0,37.33235526928911,18.285235233937524,195.42857142857142,2.4285714285714284
11414,MT,2021-08-04,295.0,2.0,27.60161605122812,19.247616035723436,205.71428571428572,2.0
11362,MT,2021-08-05,282.0,2.0,26.385273648971634,19.60850883639328,209.57142857142858,2.2857142857142856
28002,MT,2021-08-06,272.0,2.0,25.449625647233916,20.263462437608855,216.57142857142858,2.5714285714285716
28054,MT,2021-08-07,0.0,0.0,0.0,20.263462437608855,216.57142857142858,2.5714285714285716
5018,MT,2021-08-08,0.0,0.0,0.0,20.263462437608855,216.57142857142858,2.5714285714285716
5174,MT,2021-08-09,388.0,1.0,36.303142467380894,21.86743044058624,233.71428571428572,2.142857142857143
24934,MT,2021-08-10,484.0,3.0,45.28536328404698,23.003574442694507,245.85714285714286,1.4285714285714286
24882,MT,2021-08-11,369.0,0.0,34.52541126408141,23.99268804453069,256.42857142857144,1.1428571428571428
15626,MT,2021-08-12,396.0,3.0,37.0516608687667,25.516457647358557,272.7142857142857,1.2857142857142858
15678,MT,2021-08-13,345.0,1.0,32.27985605991307,26.492204849169866,283.14285714285717,1.1428571428571428
3094,MT,2021-08-14,0.0,0.0,0.0,26.492204849169866,283.14285714285717,1.1428571428571428
3042,MT,2021-08-15,0.0,0.0,0.0,26.492204849169866,283.14285714285717,1.1428571428571428
21346,MT,2021-08-16,461.0,6.0,43.133372880054594,27.467952050980394,293.57142857142856,1.8571428571428572
21398,MT,2021-08-17,621.0,7.0,58.10374090784171,29.29914885437964,313.14285714285717,2.4285714285714284
13234,MT,2021-08-18,436.0,6.0,40.7942528757103,30.194697656040912,322.7142857142857,3.2857142857142856
13286,MT,2021-08-19,495.0,3.0,46.31457608596429,31.51797125849771,336.85714285714283,3.2857142857142856
286,MT,2021-08-20,441.0,3.0,41.26207687658098,32.80114566087884,350.57142857142856,3.5714285714285716
234,MT,2021-08-21,0.0,0.0,0.0,32.80114566087884,350.57142857142856,3.5714285714285716
21762,MT,2021-08-22,0.0,0.0,0.0,32.80114566087884,350.57142857142856,3.5714285714285716
21814,MT,2021-08-23,646.0,5.0,60.44286091217873,35.273929665468,377.0,3.4285714285714284
25194,MT,2021-08-24,710.0,8.0,66.43100812329612,36.46353926767578,389.7142857142857,3.5714285714285716
25142,MT,2021-08-25,604.0,5.0,56.51313930488868,38.70909447184412,413.7142857142857,3.4285714285714284
12350,MT,2021-08-26,632.0,8.0,59.132953709751746,40.540291275242325,433.2857142857143,4.142857142857143
12402,MT,2021-08-27,706.0,2.0,66.05674892259958,44.08238728181641,471.14285714285717,4.0
20618,MT,2021-08-28,0.0,0.0,0.0,44.08238728181641,471.14285714285717,4.0
20722,MT,2021-08-29,0.0,0.0,0.0,44.08238728181641,471.14285714285717,4.0
8658,MT,2021-08-30,722.0,4.0,67.5537857253803,45.09823368370235,482.0,3.857142857142857
8606,MT,2021-08-31,889.0,13.0,83.17910735438272,47.49081928814329,507.57142857142856,4.571428571428571
5538,MT,2021-09-01,871.0,3.0,81.49494095125374,51.05964809476687,545.7142857142857,4.285714285714286
15834,MT,2021-09-02,737.0,4.0,68.95725772798323,52.463120097371366,560.7142857142857,3.7142857142857144
15782,MT,2021-09-03,652.0,4.0,61.00424971322536,51.741334496032195,553.0,4.0
27118,MT,2021-09-04,0.0,0.0,0.0,51.741334496032195,553.0,4.0
27170,MT,2021-09-05,0.0,0.0,0.0,51.741334496032195,553.0,4.0
10374,MT,2021-09-06,0.0,0.0,0.0,42.090793678120725,449.85714285714283,3.4285714285714284
10322,MT,2021-09-07,1218.0,3.0,113.96192661151326,46.488339286282226,496.85714285714283,2.0
18954,MT,2021-09-08,1047.0,14.0,97.96234578181793,48.84082569064854,522.0,3.5714285714285716
18798,MT,2021-09-09,998.0,2.0,93.37767057331075,52.3294560971239,559.2857142857143,3.2857142857142856
14742,MT,2021-09-10,965.0,4.0,90.29003216757883,56.51313930488868,604.0,3.2857142857142856
14794,MT,2021-09-11,0.0,0.0,0.0,56.51313930488868,604.0,3.2857142857142856
24102,MT,2021-09-12,0.0,0.0,0.0,56.51313930488868,604.0,3.2857142857142856
24050,MT,2021-09-13,1220.0,8.0,114.14905621185972,72.82014733515436,778.2857142857143,4.428571428571429
20774,MT,2021-09-14,1240.0,5.0,116.02035221533333,73.11420813570008,781.4285714285714,4.714285714285714
20826,MT,2021-09-15,1214.0,11.0,113.58766741081672,75.34639693984276,805.2857142857143,4.285714285714286
2626,MT,2021-09-16,1104.0,7.0,103.29553939171637,76.76323534247214,820.4285714285714,5.0
2574,MT,2021-09-17,1219.0,12.0,114.05549141168922,80.15830094877363,856.7142857142857,6.142857142857143
25298,MT,2021-09-18,0.0,0.0,0.0,80.15830094877363,856.7142857142857,6.142857142857143
25246,MT,2021-09-19,0.0,0.0,0.0,80.15830094877363,856.7142857142857,6.142857142857143
22490,MT,2021-09-20,1627.0,10.0,152.2299298825401,85.59842575887082,914.8571428571429,6.428571428571429
22542,MT,2021-09-21,1174.0,14.0,109.8450754038713,84.71624335723338,905.4285714285714,7.714285714285714
962,MT,2021-09-22,1313.0,13.0,122.85058262801249,86.03951695968992,919.5714285714286,8.0
910,MT,2021-09-23,1174.0,16.0,109.84507540386949,86.97516496142609,929.5714285714286,9.285714285714286
13338,MT,2021-09-24,1035.0,15.0,96.8395681797374,84.51574735686154,903.2857142857143,9.714285714285714
13390,MT,2021-09-25,0.0,0.0,0.0,84.51574735686154,903.2857142857143,9.714285714285714
26182,MT,2021-09-26,0.0,0.0,0.0,84.51574735686154,903.2857142857143,9.714285714285714
26130,MT,2021-09-27,1252.0,28.0,117.14312981741568,79.50334734755805,849.7142857142857,12.285714285714286
3302,MT,2021-09-28,1203.0,16.0,112.55845460891214,79.89097294827818,853.8571428571429,12.571428571428571
3146,MT,2021-09-29,1334.0,12.0,124.81544343165297,80.17166734879824,856.8571428571429,12.428571428571429
30810,MT,2021-09-30,1209.0,8.0,113.1198434099515,80.6394913496671,861.8571428571429,11.285714285714286
1014,MT,2021-10-01,972.0,8.0,90.9449857687905,79.79740814810326,852.8571428571429,10.285714285714286
22646,MT,2021-10-02,0.0,0.0,0.0,79.79740814810326,852.8571428571429,10.285714285714286
22594,MT,2021-10-03,0.0,0.0,0.0,79.79740814810326,852.8571428571429,10.285714285714286
26234,MT,2021-10-04,1474.0,5.0,137.91451545597192,82.76474895361129,884.5714285714286,7.0
26286,MT,2021-10-05,1225.0,26.0,114.6168802127304,83.05880975415675,887.7142857142857,8.428571428571429
13494,MT,2021-10-06,1375.0,13.0,128.65160023877615,83.60683215517436,893.5714285714286,8.571428571428571
13442,MT,2021-10-07,1293.0,9.0,120.97928662453523,84.72960975725775,905.5714285714286,8.714285714285714
21554,MT,2021-10-08,1308.0,9.0,122.38275862714727,89.22072016559443,953.5714285714286,8.857142857142858
21502,MT,2021-10-09,0.0,0.0,0.0,89.22072016559443,953.5714285714286,8.857142857142858
9698,MT,2021-10-10,0.0,0.0,0.0,89.22072016559443,953.5714285714286,8.857142857142858
9750,MT,2021-10-11,0.0,0.0,0.0,69.51864652902701,743.0,8.142857142857142
30706,MT,2021-10-12,2216.0,15.0,207.33959718482038,82.76474895361129,884.5714285714286,6.571428571428571
30654,MT,2021-10-13,1344.0,15.0,125.7510914333925,82.3503905528422,880.1428571428571,6.857142857142857
19890,MT,2021-10-14,1287.0,12.0,120.41789782349588,82.27019215269372,879.2857142857143,7.285714285714286
19942,MT,2021-10-15,1142.0,7.0,106.85100179831534,80.05136974857487,855.5714285714286,7.0
5382,MT,2021-10-16,0.0,0.0,0.0,80.05136974857487,855.5714285714286,7.0
5330,MT,2021-10-17,0.0,0.0,0.0,80.05136974857487,855.5714285714286,7.0
28262,MT,2021-10-18,1272.0,55.0,119.01442582089294,97.053430580131,1037.2857142857142,14.857142857142858
28210,MT,2021-10-19,1327.0,23.0,124.16048983044311,85.1707009580771,910.2857142857143,16.0
15886,MT,2021-10-20,1245.0,19.0,116.48817621619855,83.84742735562084,896.1428571428571,16.571428571428573
15938,MT,2021-10-21,976.0,14.0,91.31924496949068,79.69047694790581,851.7142857142857,16.857142857142858
5642,MT,2021-10-22,1078.0,8.0,100.86285458719976,78.83502734631786,842.5714285714286,17.0
5590,MT,2021-10-23,0.0,0.0,0.0,78.83502734631786,842.5714285714286,17.0
10426,MT,2021-10-24,0.0,0.0,0.0,78.83502734631786,842.5714285714286,17.0
10478,MT,2021-10-25,1414.0,12.0,132.30062744555107,80.73305614984045,862.8571428571429,10.857142857142858
27274,MT,2021-10-26,1123.0,46.0,105.07327059501586,78.00631054477942,833.7142857142857,14.142857142857142
27222,MT,2021-10-27,983.0,16.0,91.97419857070417,74.50431373828022,796.2857142857143,13.714285714285714
4238,MT,2021-10-28,983.0,8.0,91.97419857070417,74.59787853845357,797.2857142857143,12.857142857142858
4186,MT,2021-10-29,777.0,17.0,72.69984973492865,70.57459213098628,754.2857142857143,14.142857142857142
23946,MT,2021-10-30,0.0,0.0,0.0,70.57459213098628,754.2857142857143,14.142857142857142
23998,MT,2021-10-31,0.0,0.0,0.0,70.57459213098628,754.2857142857143,14.142857142857142
21710,MT,2021-11-01,1129.0,20.0,105.63465939605885,66.76516812391596,713.5714285714286,15.285714285714286
130,MT,2021-11-02,1138.0,14.0,106.47674259762061,66.96566412428807,715.7142857142857,10.714285714285714
182,MT,2021-11-03,866.0,16.0,81.02711695039034,65.40179532138609,699.0,10.714285714285714
12298,MT,2021-11-04,790.0,9.0,73.91619213718513,62.822080116597654,671.4285714285714,10.857142857142858
12246,MT,2021-11-05,682.0,10.0,63.81119371843306,61.55227211424114,657.8571428571429,9.857142857142858
25038,MT,2021-11-06,0.0,0.0,0.0,61.55227211424114,657.8571428571429,9.857142857142858
25090,MT,2021-11-07,0.0,0.0,0.0,61.55227211424114,657.8571428571429,9.857142857142858
2418,MT,2021-11-08,898.0,8.0,84.02119055594449,58.46463370851052,624.8571428571429,8.142857142857142
2470,MT,2021-11-09,1118.0,14.0,104.60544659414882,58.19730570801455,622.0,8.142857142857142
29770,MT,2021-11-10,745.0,14.0,69.70577612937268,56.57997130501202,604.7142857142857,7.857142857142857
29718,MT,2021-11-11,0.0,0.0,0.0,46.02051528541415,491.85714285714283,6.571428571428571
8762,MT,2021-11-12,1181.0,28.0,110.50002900509571,52.69034889779453,563.1428571428571,9.142857142857142
8814,MT,2021-11-13,0.0,0.0,0.0,52.69034889779453,563.1428571428571,9.142857142857142
4030,MT,2021-11-14,0.0,0.0,0.0,52.69034889779453,563.1428571428571,9.142857142857142
3978,MT,2021-11-15,782.0,11.0,73.16767373579205,51.13984649491561,546.5714285714286,9.571428571428571
18590,MT,2021-11-16,1031.0,23.0,96.46530897903358,49.97696969275629,534.1428571428571,10.857142857142858
18642,MT,2021-11-17,595.0,10.0,55.671056103332376,47.97200968903625,512.7142857142857,10.285714285714286
10114,MT,2021-11-18,728.0,17.0,68.11517452641783,57.70274890709594,616.7142857142857,12.714285714285714
10166,MT,2021-11-19,483.0,7.0,45.19179848387648,48.3730016897789,517.0,9.714285714285714
6994,MT,2021-11-20,0.0,0.0,0.0,48.3730016897789,517.0,9.714285714285714
6942,MT,2021-11-21,0.0,0.0,0.0,48.3730016897789,517.0,9.714285714285714
17186,MT,2021-11-22,492.0,20.0,46.033881685441884,44.496745682586024,475.57142857142856,11.0
17238,MT,2021-11-23,682.0,38.0,63.81119371843306,39.83187207392881,425.7142857142857,13.142857142857142
27950,MT,2021-11-24,491.0,7.0,45.94031688526593,38.44176647134788,410.85714285714283,12.714285714285714
27898,MT,2021-11-25,0.0,0.0,0.0,28.711027253288194,306.85714285714283,10.285714285714286
11258,MT,2021-11-26,393.0,19.0,36.770966468244296,27.508051251055026,294.0,12.0
11310,MT,2021-11-27,0.0,0.0,0.0,27.508051251055026,294.0,12.0
19682,MT,2021-11-28,0.0,0.0,0.0,27.508051251055026,294.0,12.0
19734,MT,2021-11-29,353.0,7.0,33.02837446129706,25.650121647605765,274.14285714285717,10.142857142857142
15730,MT,2021-11-30,588.0,33.0,55.016102502115245,24.393680045274646,260.7142857142857,9.428571428571429
