,state,date,total,covid,pct,rolling_pct
0,Puerto Rico,2020-02-01,129,16,0.12403100775193798,
1,Puerto Rico,2020-02-02,133,13,0.09774436090225563,
2,Puerto Rico,2020-02-03,179,22,0.12290502793296089,0.1148934655290515
3,Puerto Rico,2020-02-04,179,9,0.05027932960893855,0.09030957281471835
4,Puerto Rico,2020-02-05,199,18,0.09045226130653267,0.08787887294947737
5,Puerto Rico,2020-02-06,219,27,0.1232876712328767,0.08800642071611597
6,Puerto Rico,2020-02-07,145,14,0.09655172413793103,0.10343055222578014
7,Puerto Rico,2020-02-08,97,10,0.10309278350515463,0.1076440596253208
8,Puerto Rico,2020-02-09,137,6,0.043795620437956206,0.08114670936034729
9,Puerto Rico,2020-02-10,196,19,0.09693877551020408,0.0812757264844383
10,Puerto Rico,2020-02-11,238,33,0.13865546218487396,0.09312995271101142
11,Puerto Rico,2020-02-12,227,22,0.09691629955947137,0.11083684575151646
12,Puerto Rico,2020-02-13,244,20,0.08196721311475409,0.10584632495303314
13,Puerto Rico,2020-02-14,199,20,0.10050251256281408,0.09312867507901318
14,Puerto Rico,2020-02-15,130,14,0.1076923076923077,0.09672067778995863
15,Puerto Rico,2020-02-16,112,14,0.125,0.1110649400850406
16,Puerto Rico,2020-02-17,209,14,0.06698564593301436,0.0998926512084407
17,Puerto Rico,2020-02-18,225,13,0.057777777777777775,0.08325447457026404
18,Puerto Rico,2020-02-19,269,11,0.040892193308550186,0.05521853900644744
19,Puerto Rico,2020-02-20,270,17,0.06296296296296296,0.05387764468309697
20,Puerto Rico,2020-02-21,254,18,0.07086614173228346,0.0582404326679322
21,Puerto Rico,2020-02-22,144,16,0.1111111111111111,0.08164673860211918
22,Puerto Rico,2020-02-23,144,13,0.09027777777777778,0.09075167687372411
23,Puerto Rico,2020-02-24,272,34,0.125,0.1087962962962963
24,Puerto Rico,2020-02-25,313,52,0.16613418530351437,0.12713732102709738
25,Puerto Rico,2020-02-26,323,56,0.17337461300309598,0.15483626610220344
26,Puerto Rico,2020-02-27,309,61,0.19741100323624594,0.17897326718095208
27,Puerto Rico,2020-02-28,268,75,0.2798507462686567,0.2168787875026662
28,Puerto Rico,2020-02-29,164,41,0.25,0.24242058316830087
29,Puerto Rico,2020-03-01,129,37,0.2868217054263566,0.27222415056500443
30,Puerto Rico,2020-03-02,254,78,0.30708661417322836,0.28130277319986163
31,Puerto Rico,2020-03-03,309,75,0.24271844660194175,0.2788755887338423
32,Puerto Rico,2020-03-04,325,88,0.27076923076923076,0.27352476384813357
33,Puerto Rico,2020-03-05,277,62,0.22382671480144403,0.24577146405753889
34,Puerto Rico,2020-03-06,260,71,0.27307692307692305,0.25589095621586594
35,Puerto Rico,2020-03-07,142,39,0.2746478873239437,0.2571838417341036
36,Puerto Rico,2020-03-08,176,61,0.3465909090909091,0.29810523983059195
37,Puerto Rico,2020-03-09,316,156,0.4936708860759494,0.37163656083026736
38,Puerto Rico,2020-03-10,317,159,0.501577287066246,0.4472796940777015
39,Puerto Rico,2020-03-11,392,197,0.5025510204081632,0.4992663978501195
40,Puerto Rico,2020-03-12,390,264,0.676923076923077,0.5603504614658288
41,Puerto Rico,2020-03-13,328,232,0.7073170731707317,0.6289303901673239
42,Puerto Rico,2020-03-14,219,164,0.7488584474885844,0.7110328658607977
43,Puerto Rico,2020-03-15,229,180,0.7860262008733624,0.7474005738442262
44,Puerto Rico,2020-03-16,364,259,0.7115384615384616,0.7488077033001361
45,Puerto Rico,2020-03-17,391,280,0.7161125319693095,0.7378923981270443
46,Puerto Rico,2020-03-18,373,275,0.7372654155495979,0.7216388030191231
47,Puerto Rico,2020-03-19,384,280,0.7291666666666666,0.7275148713951913
48,Puerto Rico,2020-03-20,327,246,0.7522935779816514,0.739575220065972
49,Puerto Rico,2020-03-21,182,131,0.7197802197802198,0.7337468214761792
50,Puerto Rico,2020-03-22,169,124,0.7337278106508875,0.735267202804253
51,Puerto Rico,2020-03-23,317,233,0.7350157728706624,0.7295079344339234
52,Puerto Rico,2020-03-24,361,248,0.6869806094182825,0.7185747309799441
53,Puerto Rico,2020-03-25,400,277,0.6925,0.7048321274296484
54,Puerto Rico,2020-03-26,361,227,0.628808864265928,0.6694298245614035
55,Puerto Rico,2020-03-27,333,219,0.6576576576576577,0.6596555073078618
56,Puerto Rico,2020-03-28,196,147,0.75,0.6788221739745285
57,Puerto Rico,2020-03-29,210,151,0.719047619047619,0.7089017589017589
58,Puerto Rico,2020-03-30,328,209,0.6371951219512195,0.7020809136662796
59,Puerto Rico,2020-03-31,350,212,0.6057142857142858,0.6539856755710415
60,Puerto Rico,2020-04-01,402,262,0.6517412935323383,0.6315502337326145
61,Puerto Rico,2020-04-02,401,230,0.57356608478803,0.610340554678218
62,Puerto Rico,2020-04-03,317,192,0.6056782334384858,0.6103285372529513
63,Puerto Rico,2020-04-04,205,132,0.6439024390243903,0.6077155857503019
64,Puerto Rico,2020-04-05,207,126,0.6086956521739131,0.6194254415455963
65,Puerto Rico,2020-04-06,330,213,0.6454545454545455,0.6326842122176163
66,Puerto Rico,2020-04-07,376,237,0.6303191489361702,0.6281564488548762
67,Puerto Rico,2020-04-08,366,214,0.5846994535519126,0.6201577159808761
68,Puerto Rico,2020-04-09,312,195,0.625,0.6133395341626943
69,Puerto Rico,2020-04-10,225,130,0.5777777777777777,0.5958257437765635
70,Puerto Rico,2020-04-11,184,97,0.5271739130434783,0.5766505636070853
71,Puerto Rico,2020-04-12,198,110,0.5555555555555556,0.5535024154589373
72,Puerto Rico,2020-04-13,368,177,0.48097826086956524,0.5212359098228664
73,Puerto Rico,2020-04-14,338,206,0.6094674556213018,0.5486670906821408
74,Puerto Rico,2020-04-15,438,251,0.5730593607305936,0.5545016924071535
75,Puerto Rico,2020-04-16,389,225,0.5784061696658098,0.5869776620059017
76,Puerto Rico,2020-04-17,381,207,0.5433070866141733,0.5649242056701923
77,Puerto Rico,2020-04-18,189,106,0.5608465608465608,0.5608532723755146
78,Puerto Rico,2020-04-19,190,109,0.5736842105263158,0.5592792859956833
79,Puerto Rico,2020-04-20,346,196,0.5664739884393064,0.567001586604061
80,Puerto Rico,2020-04-21,437,217,0.4965675057208238,0.545575234895482
81,Puerto Rico,2020-04-22,417,184,0.4412470023980815,0.5014294988527372
82,Puerto Rico,2020-04-23,417,220,0.5275779376498801,0.48846414858959514
83,Puerto Rico,2020-04-24,364,193,0.5302197802197802,0.4996815734225806
84,Puerto Rico,2020-04-25,229,108,0.47161572052401746,0.5098044794645592
85,Puerto Rico,2020-04-26,224,120,0.5357142857142857,0.5125165954860278
86,Puerto Rico,2020-04-27,335,151,0.4507462686567164,0.4860254249650066
87,Puerto Rico,2020-04-28,438,237,0.541095890410959,0.509185481593987
88,Puerto Rico,2020-04-29,441,200,0.45351473922902497,0.4817856327655668
89,Puerto Rico,2020-04-30,440,193,0.43863636363636366,0.47774899775878255
90,Puerto Rico,2020-05-01,329,139,0.42249240121580545,0.438214501360398
91,Puerto Rico,2020-05-02,140,47,0.3357142857142857,0.39894768352215165
92,Puerto Rico,2020-05-03,157,67,0.4267515923566879,0.394986093095593
93,Puerto Rico,2020-05-04,211,92,0.43601895734597157,0.39949494513898176
94,Puerto Rico,2020-05-05,295,118,0.4,0.42092351656755317
95,Puerto Rico,2020-05-06,350,155,0.44285714285714284,0.4262920334010381
96,Puerto Rico,2020-05-07,415,179,0.43132530120481927,0.42472748135398736
97,Puerto Rico,2020-05-08,352,156,0.4431818181818182,0.4391214207479268
98,Puerto Rico,2020-05-09,207,91,0.4396135265700483,0.4380402153188953
99,Puerto Rico,2020-05-10,192,97,0.5052083333333334,0.46266789269506664
100,Puerto Rico,2020-05-11,324,153,0.4722222222222222,0.47234802737520126
101,Puerto Rico,2020-05-12,386,174,0.45077720207253885,0.47606925254269816
102,Puerto Rico,2020-05-13,418,171,0.4090909090909091,0.4440301111285567
103,Puerto Rico,2020-05-14,404,155,0.38366336633663367,0.4145104925000272
104,Puerto Rico,2020-05-15,326,143,0.4386503067484663,0.41046819405866963
105,Puerto Rico,2020-05-16,220,75,0.3409090909090909,0.3877409213313969
106,Puerto Rico,2020-05-17,174,66,0.3793103448275862,0.38628991416171443
107,Puerto Rico,2020-05-18,348,133,0.382183908045977,0.36746778126088464
108,Puerto Rico,2020-05-19,415,171,0.41204819277108434,0.3911808152148825
109,Puerto Rico,2020-05-20,413,155,0.37530266343825663,0.38984492141843924
110,Puerto Rico,2020-05-21,370,141,0.3810810810810811,0.38947731243014067
111,Puerto Rico,2020-05-22,341,121,0.3548387096774194,0.3704074847322523
112,Puerto Rico,2020-05-23,200,76,0.38,0.3719732635861668
113,Puerto Rico,2020-05-24,196,89,0.45408163265306123,0.3963067807768268
114,Puerto Rico,2020-05-25,280,102,0.36428571428571427,0.39945578231292517
115,Puerto Rico,2020-05-26,355,122,0.3436619718309859,0.3873431062565871
116,Puerto Rico,2020-05-27,412,144,0.34951456310679613,0.35248741640783204
117,Puerto Rico,2020-05-28,404,128,0.31683168316831684,0.33666940603536627
118,Puerto Rico,2020-05-29,309,99,0.32038834951456313,0.32891153192989203
119,Puerto Rico,2020-05-30,235,75,0.3191489361702128,0.3187896562843642
120,Puerto Rico,2020-05-31,230,57,0.24782608695652175,0.2957877908804325
121,Puerto Rico,2020-06-01,344,98,0.28488372093023256,0.28395291468565564
122,Puerto Rico,2020-06-02,413,86,0.20823244552058112,0.24698075113577844
123,Puerto Rico,2020-06-03,420,106,0.2523809523809524,0.24849903961058864
124,Puerto Rico,2020-06-04,424,106,0.25,0.2368711326338445
125,Puerto Rico,2020-06-05,340,94,0.27647058823529413,0.25961718020541547
126,Puerto Rico,2020-06-06,186,52,0.27956989247311825,0.26868016023613744
127,Puerto Rico,2020-06-07,223,66,0.29596412556053814,0.2840015354229835
128,Puerto Rico,2020-06-08,305,93,0.30491803278688523,0.2934840169401805
129,Puerto Rico,2020-06-09,417,124,0.2973621103117506,0.29941475621972463
130,Puerto Rico,2020-06-10,434,145,0.33410138248847926,0.312127175195705
131,Puerto Rico,2020-06-11,385,100,0.2597402597402597,0.2970679175134965
132,Puerto Rico,2020-06-12,334,103,0.3083832335329341,0.30074162525389103
133,Puerto Rico,2020-06-13,215,78,0.3627906976744186,0.3103047303158708
134,Puerto Rico,2020-06-14,200,63,0.315,0.3287246437357842
135,Puerto Rico,2020-06-15,378,99,0.2619047619047619,0.3132318198597268
136,Puerto Rico,2020-06-16,402,121,0.3009950248756219,0.2926332622601279
137,Puerto Rico,2020-06-17,391,95,0.24296675191815856,0.2686221795661808
138,Puerto Rico,2020-06-18,395,98,0.2481012658227848,0.2640210142055217
139,Puerto Rico,2020-06-19,338,76,0.22485207100591717,0.2386400295822868
140,Puerto Rico,2020-06-20,207,56,0.27053140096618356,0.24782824593162847
141,Puerto Rico,2020-06-21,218,74,0.3394495412844037,0.27827767108550144
142,Puerto Rico,2020-06-22,356,93,0.2612359550561798,0.290405632435589
143,Puerto Rico,2020-06-23,399,105,0.2631578947368421,0.28794779702580847
144,Puerto Rico,2020-06-24,389,112,0.2879177377892031,0.27077052919407496
145,Puerto Rico,2020-06-25,416,133,0.31971153846153844,0.29026239032919454
146,Puerto Rico,2020-06-26,315,88,0.27936507936507937,0.2956647852052736
147,Puerto Rico,2020-06-27,175,66,0.37714285714285717,0.32540649165649166
148,Puerto Rico,2020-06-28,230,56,0.24347826086956523,0.2999953991258339
149,Puerto Rico,2020-06-29,372,107,0.28763440860215056,0.3027518422048576
150,Puerto Rico,2020-06-30,383,97,0.25326370757180156,0.2614587923478391
151,Puerto Rico,2020-07-01,394,112,0.28426395939086296,0.27505402518827166
152,Puerto Rico,2020-07-02,347,89,0.2564841498559078,0.2646706056061907
153,Puerto Rico,2020-07-03,332,74,0.22289156626506024,0.25454655850394364
154,Puerto Rico,2020-07-04,185,55,0.2972972972972973,0.2588910044727551
155,Puerto Rico,2020-07-05,194,57,0.29381443298969073,0.2713344321840161
156,Puerto Rico,2020-07-06,374,98,0.2620320855614973,0.2843812719494951
157,Puerto Rico,2020-07-07,367,98,0.2670299727520436,0.27429216376774385
158,Puerto Rico,2020-07-08,410,109,0.2658536585365854,0.26497190561670875
159,Puerto Rico,2020-07-09,378,103,0.2724867724867725,0.2684568012584671
160,Puerto Rico,2020-07-10,326,88,0.26993865030674846,0.2694263604433687
161,Puerto Rico,2020-07-11,180,55,0.3055555555555556,0.2826603261163588
162,Puerto Rico,2020-07-12,197,61,0.3096446700507614,0.2950462919710218
163,Puerto Rico,2020-07-13,323,108,0.33436532507739936,0.3165218502279054
164,Puerto Rico,2020-07-14,352,96,0.2727272727272727,0.30557908928514443
165,Puerto Rico,2020-07-15,397,127,0.3198992443324937,0.3089972807123886
166,Puerto Rico,2020-07-16,370,111,0.3,0.2975421723532554
167,Puerto Rico,2020-07-17,354,103,0.2909604519774011,0.3036198987699649
168,Puerto Rico,2020-07-18,188,57,0.30319148936170215,0.29805064711303436
169,Puerto Rico,2020-07-19,201,58,0.2885572139303483,0.29423638508981714
170,Puerto Rico,2020-07-20,308,95,0.30844155844155846,0.30006342057786956
171,Puerto Rico,2020-07-21,333,89,0.2672672672672673,0.28808867987972464
172,Puerto Rico,2020-07-22,355,89,0.2507042253521127,0.27547101702031274
173,Puerto Rico,2020-07-23,366,92,0.25136612021857924,0.25644587094598637
174,Puerto Rico,2020-07-24,180,49,0.2722222222222222,0.258097522597638
175,Puerto Rico,2020-07-25,6,1,0.16666666666666666,0.23008500303582266
176,Puerto Rico,2020-07-26,7,2,0.2857142857142857,0.2415343915343915
177,Puerto Rico,2020-07-27,21,3,0.14285714285714285,0.19841269841269837
178,Puerto Rico,2020-07-28,88,14,0.1590909090909091,0.19588744588744586
179,Puerto Rico,2020-07-29,322,69,0.21428571428571427,0.17207792207792205
180,Puerto Rico,2020-07-30,338,88,0.2603550295857988,0.2112438843208074
181,Puerto Rico,2020-07-31,338,88,0.2603550295857988,0.24499859115243727
182,Puerto Rico,2020-08-01,178,44,0.24719101123595505,0.2559670234691842
183,Puerto Rico,2020-08-02,175,40,0.22857142857142856,0.24537248979772744
184,Puerto Rico,2020-08-03,308,79,0.2564935064935065,0.24408531543363002
185,Puerto Rico,2020-08-04,211,49,0.23222748815165878,0.23909747440553128
186,Puerto Rico,2020-08-05,35,5,0.14285714285714285,0.21052604583410273
187,Puerto Rico,2020-08-06,33,4,0.12121212121212122,0.1654322507403076
188,Puerto Rico,2020-08-07,122,14,0.11475409836065574,0.1262744541433066
189,Puerto Rico,2020-08-08,139,27,0.19424460431654678,0.1434036079631079
190,Puerto Rico,2020-08-09,230,40,0.17391304347826086,0.1609705820518211
191,Puerto Rico,2020-08-10,298,63,0.21140939597315436,0.19318901458932067
192,Puerto Rico,2020-08-11,332,79,0.23795180722891565,0.20775808222677694
193,Puerto Rico,2020-08-12,348,70,0.20114942528735633,0.2168368761631421
194,Puerto Rico,2020-08-13,383,94,0.2454308093994778,0.22817734730524994
195,Puerto Rico,2020-08-14,347,64,0.1844380403458213,0.21033942501088512
196,Puerto Rico,2020-08-15,163,35,0.2147239263803681,0.21486425870855572
197,Puerto Rico,2020-08-16,241,41,0.17012448132780084,0.18976214935133007
198,Puerto Rico,2020-08-17,352,83,0.23579545454545456,0.20688128741787448
199,Puerto Rico,2020-08-18,380,112,0.29473684210526313,0.23355225932617282
200,Puerto Rico,2020-08-19,399,89,0.22305764411027568,0.2511966469203311
201,Puerto Rico,2020-08-20,375,58,0.15466666666666667,0.22415371762740186
202,Puerto Rico,2020-08-21,335,57,0.1701492537313433,0.18262452150276187
203,Puerto Rico,2020-08-22,212,42,0.19811320754716982,0.17430970931505993
204,Puerto Rico,2020-08-23,205,49,0.23902439024390243,0.2024289505074718
205,Puerto Rico,2020-08-24,403,100,0.24813895781637718,0.22842551853581647
206,Puerto Rico,2020-08-25,376,70,0.18617021276595744,0.2244445202754123
207,Puerto Rico,2020-08-26,362,62,0.1712707182320442,0.20185996293812625
208,Puerto Rico,2020-08-27,380,69,0.18157894736842106,0.17967329278880753
209,Puerto Rico,2020-08-28,349,68,0.19484240687679083,0.18256402415908535
210,Puerto Rico,2020-08-29,197,30,0.15228426395939088,0.1762352060682009
211,Puerto Rico,2020-08-30,163,27,0.1656441717791411,0.1709236142051076
212,Puerto Rico,2020-08-31,344,54,0.1569767441860465,0.15830172664152614
213,Puerto Rico,2020-09-01,397,85,0.2141057934508816,0.1789089031386897
214,Puerto Rico,2020-09-02,404,72,0.1782178217821782,0.18310011980636876
215,Puerto Rico,2020-09-03,399,79,0.19799498746867167,0.1967728675672438
216,Puerto Rico,2020-09-04,357,64,0.1792717086834734,0.18516150597810774
217,Puerto Rico,2020-09-05,264,50,0.1893939393939394,0.18888687851536146
218,Puerto Rico,2020-09-06,235,43,0.1829787234042553,0.183881457160556
219,Puerto Rico,2020-09-07,296,53,0.17905405405405406,0.18380890561741622
220,Puerto Rico,2020-09-08,406,86,0.21182266009852216,0.19128514585227716
221,Puerto Rico,2020-09-09,485,97,0.2,0.1969589047175254
222,Puerto Rico,2020-09-10,488,93,0.19057377049180327,0.20079881019677512
223,Puerto Rico,2020-09-11,422,85,0.2014218009478673,0.19733185714655685
224,Puerto Rico,2020-09-12,236,42,0.17796610169491525,0.18998722437819526
225,Puerto Rico,2020-09-13,219,31,0.1415525114155251,0.17364680468610252
226,Puerto Rico,2020-09-14,363,69,0.19008264462809918,0.1698670859128465
227,Puerto Rico,2020-09-15,474,87,0.18354430379746836,0.17172648661369752
228,Puerto Rico,2020-09-16,468,76,0.1623931623931624,0.17867337027290997
229,Puerto Rico,2020-09-17,445,84,0.18876404494382024,0.178233837044817
230,Puerto Rico,2020-09-18,431,67,0.1554524361948956,0.16886988117729274
231,Puerto Rico,2020-09-19,253,41,0.16205533596837945,0.16875727236903174
232,Puerto Rico,2020-09-20,269,55,0.20446096654275092,0.1739895795686753
233,Puerto Rico,2020-09-21,430,91,0.2116279069767442,0.19271473649595816
234,Puerto Rico,2020-09-22,454,89,0.1960352422907489,0.20404137193674798
235,Puerto Rico,2020-09-23,521,84,0.16122840690978887,0.18963051872576064
236,Puerto Rico,2020-09-24,480,76,0.15833333333333333,0.1718656608446237
237,Puerto Rico,2020-09-25,396,80,0.20202020202020202,0.17386064742110804
238,Puerto Rico,2020-09-26,238,30,0.12605042016806722,0.16213465184053416
239,Puerto Rico,2020-09-27,269,52,0.19330855018587362,0.1737930574580476
240,Puerto Rico,2020-09-28,413,74,0.1791767554479419,0.1661785752672942
241,Puerto Rico,2020-09-29,431,74,0.1716937354988399,0.18139301371088512
242,Puerto Rico,2020-09-30,523,79,0.15105162523900573,0.16730737206192914
243,Puerto Rico,2020-10-01,486,92,0.18930041152263374,0.17068192408682645
244,Puerto Rico,2020-10-02,399,112,0.2807017543859649,0.20701793038253477
245,Puerto Rico,2020-10-03,279,54,0.1935483870967742,0.22118351766845756
246,Puerto Rico,2020-10-04,242,51,0.21074380165289255,0.22833131437854384
247,Puerto Rico,2020-10-05,358,81,0.22625698324022347,0.21018305732996337
248,Puerto Rico,2020-10-06,447,99,0.2214765100671141,0.21949243165341
249,Puerto Rico,2020-10-07,506,82,0.16205533596837945,0.20326294309190565
250,Puerto Rico,2020-10-08,495,92,0.18585858585858586,0.18979681063135978
251,Puerto Rico,2020-10-09,416,82,0.1971153846153846,0.18167643548078327
252,Puerto Rico,2020-10-10,201,45,0.22388059701492538,0.20228485582963188
253,Puerto Rico,2020-10-11,210,48,0.22857142857142856,0.21652247006724615
254,Puerto Rico,2020-10-12,355,65,0.18309859154929578,0.2118502057118832
255,Puerto Rico,2020-10-13,445,100,0.2247191011235955,0.21212970708143994
256,Puerto Rico,2020-10-14,522,118,0.2260536398467433,0.2112904441732115
257,Puerto Rico,2020-10-15,462,93,0.2012987012987013,0.21735714742301335
258,Puerto Rico,2020-10-16,435,80,0.1839080459770115,0.203753462374152
259,Puerto Rico,2020-10-17,245,43,0.17551020408163265,0.18690565045244845
260,Puerto Rico,2020-10-18,259,50,0.19305019305019305,0.18415614770294567
261,Puerto Rico,2020-10-19,417,68,0.1630695443645084,0.17720998049877798
262,Puerto Rico,2020-10-20,466,78,0.16738197424892703,0.1745005705545428
263,Puerto Rico,2020-10-21,528,92,0.17424242424242425,0.16823131428528657
264,Puerto Rico,2020-10-22,475,83,0.17473684210526316,0.17212041353220478
265,Puerto Rico,2020-10-23,410,68,0.16585365853658537,0.17161097496142422
266,Puerto Rico,2020-10-24,265,58,0.2188679245283019,0.18648614172338343
267,Puerto Rico,2020-10-25,269,45,0.16728624535315986,0.18400260947268232
268,Puerto Rico,2020-10-26,440,89,0.20227272727272727,0.19614229905139632
269,Puerto Rico,2020-10-27,486,86,0.17695473251028807,0.18217123504539168
270,Puerto Rico,2020-10-28,505,103,0.20396039603960395,0.19439595194087309
271,Puerto Rico,2020-10-29,483,89,0.18426501035196688,0.18839337963395295
272,Puerto Rico,2020-10-30,439,88,0.20045558086560364,0.19622699575239144
273,Puerto Rico,2020-10-31,262,45,0.1717557251908397,0.18549210546947004
274,Puerto Rico,2020-11-01,213,46,0.215962441314554,0.1960579157903324
275,Puerto Rico,2020-11-02,423,87,0.20567375886524822,0.1977973084568806
276,Puerto Rico,2020-11-03,519,68,0.13102119460500963,0.18421913159493722
277,Puerto Rico,2020-11-04,479,62,0.12943632567849686,0.15537709304958486
278,Puerto Rico,2020-11-05,484,68,0.14049586776859505,0.13365112935070048
279,Puerto Rico,2020-11-06,458,71,0.15502183406113537,0.1416513425027424
280,Puerto Rico,2020-11-07,342,60,0.17543859649122806,0.1569854327736528
281,Puerto Rico,2020-11-08,253,45,0.17786561264822134,0.16944201440019488
282,Puerto Rico,2020-11-09,416,98,0.23557692307692307,0.1962937107387908
283,Puerto Rico,2020-11-10,459,84,0.1830065359477124,0.1988163572242856
284,Puerto Rico,2020-11-11,406,87,0.21428571428571427,0.21095639110344988
285,Puerto Rico,2020-11-12,461,82,0.17787418655097614,0.1917221455948009
286,Puerto Rico,2020-11-13,490,81,0.1653061224489796,0.18582200776188995
287,Puerto Rico,2020-11-14,256,50,0.1953125,0.1794976029999852
288,Puerto Rico,2020-11-15,253,46,0.18181818181818182,0.1808122680890538
289,Puerto Rico,2020-11-16,463,83,0.17926565874730022,0.18546544685516064
290,Puerto Rico,2020-11-17,478,66,0.13807531380753138,0.16638638479100443
291,Puerto Rico,2020-11-18,446,76,0.17040358744394618,0.16258151999959256
292,Puerto Rico,2020-11-19,477,88,0.18448637316561844,0.16432175813903196
293,Puerto Rico,2020-11-20,428,87,0.20327102803738317,0.18605366288231592
294,Puerto Rico,2020-11-21,270,47,0.17407407407407408,0.18727715842569184
295,Puerto Rico,2020-11-22,266,53,0.19924812030075187,0.19219774080406968
296,Puerto Rico,2020-11-23,448,83,0.18526785714285715,0.18619668383922763
297,Puerto Rico,2020-11-24,498,97,0.19477911646586346,0.19309836463649077
298,Puerto Rico,2020-11-25,456,88,0.19298245614035087,0.1910098099163571
299,Puerto Rico,2020-11-26,299,57,0.19063545150501673,0.19279900803707697
300,Puerto Rico,2020-11-27,298,51,0.17114093959731544,0.184919615747561
301,Puerto Rico,2020-11-28,199,32,0.16080402010050251,0.17419347040094488
302,Puerto Rico,2020-11-29,231,38,0.1645021645021645,0.16548237473332747
303,Puerto Rico,2020-11-30,407,77,0.1891891891891892,0.1714984579306187
304,Puerto Rico,2020-12-01,473,89,0.18816067653276955,0.18061734340804103
305,Puerto Rico,2020-12-02,472,106,0.2245762711864407,0.2006420456361331
306,Puerto Rico,2020-12-03,466,98,0.21030042918454936,0.2076791256345865
307,Puerto Rico,2020-12-04,415,78,0.18795180722891566,0.20760950253330188
308,Puerto Rico,2020-12-05,239,53,0.2217573221757322,0.20666985286306572
309,Puerto Rico,2020-12-06,280,49,0.175,0.1949030431348826
310,Puerto Rico,2020-12-07,422,85,0.2014218009478673,0.1993930410411998
311,Puerto Rico,2020-12-08,451,61,0.1352549889135255,0.17055892995379754
312,Puerto Rico,2020-12-09,502,75,0.14940239043824702,0.16202639343321323
313,Puerto Rico,2020-12-10,460,91,0.19782608695652174,0.1608278221027647
314,Puerto Rico,2020-12-11,443,71,0.16027088036117382,0.16916645258531415
315,Puerto Rico,2020-12-12,196,32,0.16326530612244897,0.17378742448004814
316,Puerto Rico,2020-12-13,217,29,0.1336405529953917,0.15239224649300478
317,Puerto Rico,2020-12-14,419,109,0.26014319809069214,0.1856830190695109
318,Puerto Rico,2020-12-15,518,99,0.19111969111969113,0.19496781406859162
319,Puerto Rico,2020-12-16,461,62,0.13449023861171366,0.19525104260736562
320,Puerto Rico,2020-12-17,422,69,0.16350710900473933,0.163039012912048
321,Puerto Rico,2020-12-18,406,72,0.17733990147783252,0.15844574969809513
322,Puerto Rico,2020-12-19,194,34,0.17525773195876287,0.17203491414711156
323,Puerto Rico,2020-12-20,230,51,0.2217391304347826,0.19144558795712596
324,Puerto Rico,2020-12-21,422,116,0.27488151658767773,0.22395945966040773
325,Puerto Rico,2020-12-22,415,85,0.20481927710843373,0.23381330804363132
326,Puerto Rico,2020-12-23,407,81,0.19901719901719903,0.22623933090443682
327,Puerto Rico,2020-12-24,305,62,0.20327868852459016,0.2023717215500743
328,Puerto Rico,2020-12-25,138,37,0.26811594202898553,0.22347060985692488
329,Puerto Rico,2020-12-26,157,37,0.2356687898089172,0.2356878067874976
330,Puerto Rico,2020-12-27,186,43,0.23118279569892472,0.24498917584560911
331,Puerto Rico,2020-12-28,337,74,0.2195845697329377,0.2288120517469265
332,Puerto Rico,2020-12-29,423,76,0.17966903073286053,0.21014546538824094
333,Puerto Rico,2020-12-30,448,76,0.16964285714285715,0.18963215253621843
334,Puerto Rico,2020-12-31,280,66,0.2357142857142857,0.1950087245300011
335,Puerto Rico,2021-01-01,195,43,0.2205128205128205,0.20862332112332108
336,Puerto Rico,2021-01-02,170,18,0.10588235294117647,0.18736981972276087
337,Puerto Rico,2021-01-03,204,38,0.18627450980392157,0.17088989441930613
338,Puerto Rico,2021-01-04,405,81,0.2,0.1640522875816993
339,Puerto Rico,2021-01-05,394,70,0.17766497461928935,0.18797982814107028
340,Puerto Rico,2021-01-06,383,46,0.12010443864229765,0.1659231377538623
341,Puerto Rico,2021-01-07,441,63,0.14285714285714285,0.14687551870624324
342,Puerto Rico,2021-01-08,398,68,0.1708542713567839,0.1446052842854081
343,Puerto Rico,2021-01-09,277,29,0.10469314079422383,0.13946818500271682
344,Puerto Rico,2021-01-10,305,54,0.17704918032786884,0.15086553082629214
345,Puerto Rico,2021-01-11,489,75,0.15337423312883436,0.14503885141697562
346,Puerto Rico,2021-01-12,434,72,0.16589861751152074,0.16544067698940793
347,Puerto Rico,2021-01-13,485,78,0.16082474226804125,0.16003253096946543
348,Puerto Rico,2021-01-14,468,89,0.19017094017094016,0.17229809998350068
349,Puerto Rico,2021-01-15,418,59,0.14114832535885166,0.16404800259927765
350,Puerto Rico,2021-01-16,233,36,0.15450643776824036,0.16194190109934403
351,Puerto Rico,2021-01-17,239,43,0.1799163179916318,0.15852369370624123
352,Puerto Rico,2021-01-18,368,60,0.16304347826086957,0.16582207800691387
353,Puerto Rico,2021-01-19,463,69,0.1490280777537797,0.16399595800209366
354,Puerto Rico,2021-01-20,501,67,0.13373253493013973,0.14860136364826296
355,Puerto Rico,2021-01-21,428,71,0.1658878504672897,0.14954948771706966
356,Puerto Rico,2021-01-22,380,73,0.19210526315789472,0.16390854951844133
357,Puerto Rico,2021-01-23,206,34,0.1650485436893204,0.1743472191048349
358,Puerto Rico,2021-01-24,217,37,0.17050691244239632,0.17588690642987045
359,Puerto Rico,2021-01-25,417,88,0.21103117505995203,0.18219554373055621
360,Puerto Rico,2021-01-26,461,77,0.16702819956616052,0.18285542902283625
361,Puerto Rico,2021-01-27,435,77,0.17701149425287357,0.18502362295966202
362,Puerto Rico,2021-01-28,450,102,0.22666666666666666,0.19023545349523352
363,Puerto Rico,2021-01-29,422,94,0.22274881516587677,0.20880899202847228
364,Puerto Rico,2021-01-30,211,48,0.22748815165876776,0.2256345444971037
365,Puerto Rico,2021-01-31,39,7,0.1794871794871795,0.20990804877060798
366,Puerto Rico,2021-02-01,348,59,0.16954022988505746,0.19217185367700154
367,Puerto Rico,2021-02-02,483,72,0.14906832298136646,0.16603191078453441
368,Puerto Rico,2021-02-03,522,80,0.1532567049808429,0.15728841928242224
369,Puerto Rico,2021-02-04,464,47,0.10129310344827586,0.13453937713682837
370,Puerto Rico,2021-02-05,401,57,0.14214463840399003,0.1322314822777029
371,Puerto Rico,2021-02-06,254,36,0.14173228346456693,0.12839000843894424
372,Puerto Rico,2021-02-07,262,38,0.1450381679389313,0.14297169660249606
373,Puerto Rico,2021-02-08,442,53,0.11990950226244344,0.13555998455531384
374,Puerto Rico,2021-02-09,419,59,0.14081145584725538,0.13525304201621
375,Puerto Rico,2021-02-10,507,58,0.11439842209072978,0.12503979340014285
376,Puerto Rico,2021-02-11,485,73,0.15051546391752577,0.13524178061850362
377,Puerto Rico,2021-02-12,419,57,0.1360381861575179,0.13365069072192445
378,Puerto Rico,2021-02-13,220,24,0.10909090909090909,0.1318815197219842
379,Puerto Rico,2021-02-14,225,24,0.10666666666666667,0.11726525397169785
380,Puerto Rico,2021-02-15,373,38,0.10187667560321716,0.10587808378693093
381,Puerto Rico,2021-02-16,431,73,0.16937354988399073,0.12597229738462482
382,Puerto Rico,2021-02-17,495,62,0.12525252525252525,0.132167583579911
383,Puerto Rico,2021-02-18,478,62,0.1297071129707113,0.1414443960357424
384,Puerto Rico,2021-02-19,415,53,0.12771084337349398,0.12755682719891015
385,Puerto Rico,2021-02-20,212,32,0.1509433962264151,0.1361204508568734
386,Puerto Rico,2021-02-21,250,37,0.148,0.14221807986663634
387,Puerto Rico,2021-02-22,412,41,0.09951456310679611,0.132819319777737
388,Puerto Rico,2021-02-23,490,47,0.09591836734693877,0.11447764348457827
389,Puerto Rico,2021-02-24,505,72,0.14257425742574256,0.11266906262649246
390,Puerto Rico,2021-02-25,499,70,0.1402805611222445,0.1262577286316419
391,Puerto Rico,2021-02-26,457,66,0.14442013129102846,0.1424249832796718
392,Puerto Rico,2021-02-27,258,46,0.17829457364341086,0.1543317553522279
393,Puerto Rico,2021-02-28,296,51,0.17229729729729729,0.16500400074391217
394,Puerto Rico,2021-03-01,477,67,0.14046121593291405,0.16368436229120734
395,Puerto Rico,2021-03-02,444,49,0.11036036036036036,0.14103962453019053
396,Puerto Rico,2021-03-03,520,73,0.14038461538461539,0.1304020638926299
397,Puerto Rico,2021-03-04,497,64,0.12877263581488935,0.12650587051995502
398,Puerto Rico,2021-03-05,430,56,0.13023255813953488,0.1331299364463465
399,Puerto Rico,2021-03-06,264,42,0.1590909090909091,0.13936536768177774
400,Puerto Rico,2021-03-07,268,35,0.13059701492537312,0.139973494051939
401,Puerto Rico,2021-03-08,448,56,0.125,0.13822930800542735
402,Puerto Rico,2021-03-09,478,61,0.12761506276150628,0.12773735922895976
403,Puerto Rico,2021-03-10,523,66,0.12619502868068833,0.1262700304807315
404,Puerto Rico,2021-03-11,462,59,0.1277056277056277,0.1271719063826074
405,Puerto Rico,2021-03-12,457,60,0.13129102844638948,0.12839722827756847
406,Puerto Rico,2021-03-13,226,31,0.13716814159292035,0.1320549325816458
407,Puerto Rico,2021-03-14,247,36,0.145748987854251,0.13806938596452023
408,Puerto Rico,2021-03-15,434,57,0.1313364055299539,0.1380845116590417
409,Puerto Rico,2021-03-16,462,44,0.09523809523809523,0.12410782954076667
410,Puerto Rico,2021-03-17,501,58,0.1157684630738523,0.11411432128063377
411,Puerto Rico,2021-03-18,431,44,0.10208816705336426,0.10436490845510389
412,Puerto Rico,2021-03-19,391,54,0.13810741687979539,0.11865468233567061
413,Puerto Rico,2021-03-20,221,22,0.09954751131221719,0.11324769841512557
414,Puerto Rico,2021-03-21,200,18,0.09,0.1092183093973375
415,Puerto Rico,2021-03-22,428,48,0.11214953271028037,0.10056568134083248
416,Puerto Rico,2021-03-23,466,49,0.10515021459227468,0.10243324910085165
417,Puerto Rico,2021-03-24,512,59,0.115234375,0.11084470743418497
418,Puerto Rico,2021-03-25,492,57,0.11585365853658537,0.11207941604295331
419,Puerto Rico,2021-03-26,429,50,0.11655011655011654,0.11587938336223393
420,Puerto Rico,2021-03-27,276,31,0.11231884057971014,0.11490753855547065
421,Puerto Rico,2021-03-28,278,36,0.12949640287769784,0.11945512000250813
422,Puerto Rico,2021-03-29,443,39,0.08803611738148984,0.1099504536129659
423,Puerto Rico,2021-03-30,445,61,0.13707865168539327,0.11820372398152694
424,Puerto Rico,2021-03-31,413,37,0.08958837772397095,0.10490104893028464
425,Puerto Rico,2021-04-01,350,37,0.10571428571428572,0.11079377170788328
426,Puerto Rico,2021-04-02,262,31,0.1183206106870229,0.10454109137509315
427,Puerto Rico,2021-04-03,234,27,0.11538461538461539,0.11313983726197463
428,Puerto Rico,2021-04-04,232,24,0.10344827586206896,0.11238450064456905
429,Puerto Rico,2021-04-05,374,45,0.12032085561497326,0.11305124895388584
430,Puerto Rico,2021-04-06,470,67,0.1425531914893617,0.12210744098880127
431,Puerto Rico,2021-04-07,517,68,0.13152804642166344,0.1314673645086661
432,Puerto Rico,2021-04-08,164,24,0.14634146341463414,0.1401409004418864
433,Puerto Rico,2021-04-09,13,1,0.07692307692307693,0.11826419558645813
434,Puerto Rico,2021-04-10,5,1,0.2,0.14108818011257032
435,Puerto Rico,2021-04-11,14,5,0.35714285714285715,0.2113553113553113
436,Puerto Rico,2021-04-12,52,8,0.15384615384615385,0.23699633699633696
437,Puerto Rico,2021-04-13,287,33,0.11498257839721254,0.20865719646207448
438,Puerto Rico,2021-04-14,485,54,0.11134020618556702,0.1267229794763111
439,Puerto Rico,2021-04-15,504,77,0.1527777777777778,0.12636685412018575
440,Puerto Rico,2021-04-16,438,67,0.15296803652968036,0.139028673497675
441,Puerto Rico,2021-04-17,118,16,0.13559322033898305,0.1471130115488137
442,Puerto Rico,2021-04-18,68,8,0.11764705882352941,0.13540277189739758
443,Puerto Rico,2021-04-19,400,40,0.1,0.11774675972083744
444,Puerto Rico,2021-04-20,530,50,0.09433962264150944,0.10399556048834624
445,Puerto Rico,2021-04-21,505,53,0.10495049504950495,0.09976337256367142
446,Puerto Rico,2021-04-22,529,43,0.08128544423440454,0.09352518730847294
447,Puerto Rico,2021-04-23,441,50,0.11337868480725624,0.09987154136372188
448,Puerto Rico,2021-04-24,231,29,0.12554112554112554,0.10673508486092874
449,Puerto Rico,2021-04-25,246,41,0.16666666666666666,0.13519549233834946
450,Puerto Rico,2021-04-26,461,66,0.14316702819956617,0.14512494013578606
451,Puerto Rico,2021-04-27,471,49,0.1040339702760085,0.13795588838074707
452,Puerto Rico,2021-04-28,474,61,0.12869198312236288,0.12529766053264582
453,Puerto Rico,2021-04-29,484,48,0.09917355371900827,0.11063316903912651
454,Puerto Rico,2021-04-30,436,51,0.11697247706422019,0.11494600463519707
455,Puerto Rico,2021-05-01,265,38,0.14339622641509434,0.11984741906610756
456,Puerto Rico,2021-05-02,280,25,0.08928571428571429,0.1165514725883429
457,Puerto Rico,2021-05-03,431,40,0.09280742459396751,0.10849645509825867
458,Puerto Rico,2021-05-04,456,55,0.1206140350877193,0.10090239132246699
459,Puerto Rico,2021-05-05,495,51,0.10303030303030303,0.10548392090399657
460,Puerto Rico,2021-05-06,471,49,0.1040339702760085,0.10922610279801025
461,Puerto Rico,2021-05-07,467,52,0.11134903640256959,0.10613776990296035
462,Puerto Rico,2021-05-08,227,20,0.0881057268722467,0.10116291118360825
463,Puerto Rico,2021-05-09,194,19,0.0979381443298969,0.09913096920157104
464,Puerto Rico,2021-05-10,457,63,0.13785557986870897,0.10796648369028417
465,Puerto Rico,2021-05-11,496,55,0.11088709677419355,0.11556027365759979
466,Puerto Rico,2021-05-12,551,41,0.07441016333938294,0.10771761332742846
467,Puerto Rico,2021-05-13,494,34,0.06882591093117409,0.08470772368158348
468,Puerto Rico,2021-05-14,421,31,0.07363420427553444,0.07229009284869713
469,Puerto Rico,2021-05-15,236,13,0.05508474576271186,0.06584828698980676
470,Puerto Rico,2021-05-16,235,28,0.11914893617021277,0.08262262873615299
471,Puerto Rico,2021-05-17,439,42,0.09567198177676538,0.08996855456989665
472,Puerto Rico,2021-05-18,460,39,0.08478260869565217,0.09986784221421008
473,Puerto Rico,2021-05-19,443,39,0.08803611738148984,0.0894969026179691
474,Puerto Rico,2021-05-20,453,36,0.07947019867549669,0.08409630825087953
475,Puerto Rico,2021-05-21,423,41,0.09692671394799054,0.08814434333499233
476,Puerto Rico,2021-05-22,241,22,0.0912863070539419,0.08922773989247634
477,Puerto Rico,2021-05-23,268,30,0.11194029850746269,0.10005110650313169
478,Puerto Rico,2021-05-24,422,36,0.08530805687203792,0.09617822081114748
479,Puerto Rico,2021-05-25,428,28,0.06542056074766354,0.08755630537572136
480,Puerto Rico,2021-05-26,471,47,0.09978768577494693,0.08350543446488277
481,Puerto Rico,2021-05-27,462,30,0.06493506493506493,0.07671443715255843
482,Puerto Rico,2021-05-28,315,29,0.09206349206349207,0.08559541425783461
483,Puerto Rico,2021-05-29,182,17,0.09340659340659341,0.08346838346838344
484,Puerto Rico,2021-05-30,239,27,0.11297071129707113,0.09948026558905217
485,Puerto Rico,2021-05-31,364,33,0.09065934065934066,0.09901221512100171
486,Puerto Rico,2021-06-01,494,47,0.0951417004048583,0.09959058412042332
487,Puerto Rico,2021-06-02,477,48,0.10062893081761007,0.09547665729393633
488,Puerto Rico,2021-06-03,484,39,0.08057851239669421,0.09211638120638749
489,Puerto Rico,2021-06-04,446,36,0.08071748878923767,0.08730831066784728
490,Puerto Rico,2021-06-05,240,20,0.08333333333333333,0.0815431115064217
491,Puerto Rico,2021-06-06,260,31,0.11923076923076924,0.09442719711778004
492,Puerto Rico,2021-06-07,300,39,0.13,0.11085470085470084
493,Puerto Rico,2021-06-08,196,9,0.04591836734693878,0.09838304552590266
494,Puerto Rico,2021-06-09,238,17,0.07142857142857142,0.08244897959183671
495,Puerto Rico,2021-06-10,238,13,0.0546218487394958,0.05732292917166864
496,Puerto Rico,2021-06-11,219,13,0.0593607305936073,0.061803716920558145
497,Puerto Rico,2021-06-12,90,5,0.05555555555555555,0.056512711629552854
498,Puerto Rico,2021-06-13,86,10,0.11627906976744186,0.07706511863886821
499,Puerto Rico,2021-06-14,198,14,0.0707070707070707,0.08084723201002268
500,Puerto Rico,2021-06-15,214,11,0.0514018691588785,0.079462669877797
501,Puerto Rico,2021-06-16,262,21,0.08015267175572519,0.06742053720722478
502,Puerto Rico,2021-06-17,202,10,0.04950495049504951,0.0603531638032177
503,Puerto Rico,2021-06-18,156,9,0.057692307692307696,0.062449976647694104
504,Puerto Rico,2021-06-19,82,2,0.024390243902439025,0.04386250069659872
505,Puerto Rico,2021-06-20,87,4,0.04597701149425287,0.0426865210296665
506,Puerto Rico,2021-06-21,196,16,0.08163265306122448,0.05066663615263878
507,Puerto Rico,2021-06-22,225,16,0.07111111111111111,0.06624025855552947
508,Puerto Rico,2021-06-23,242,17,0.07024793388429752,0.07433056601887768
509,Puerto Rico,2021-06-24,200,11,0.055,0.06545301499846952
510,Puerto Rico,2021-06-25,184,4,0.021739130434782608,0.048995688106360014
511,Puerto Rico,2021-06-26,86,4,0.046511627906976744,0.04108358611391976
512,Puerto Rico,2021-06-27,84,7,0.08333333333333333,0.05052803055836421
513,Puerto Rico,2021-06-28,200,18,0.09,0.07328165374677
514,Puerto Rico,2021-06-29,219,18,0.0821917808219178,0.08517503805175035
515,Puerto Rico,2021-06-30,252,14,0.05555555555555555,0.0759157787924911
516,Puerto Rico,2021-07-01,237,9,0.0379746835443038,0.05857400664059237
517,Puerto Rico,2021-07-02,204,12,0.058823529411764705,0.05078458950387466
518,Puerto Rico,2021-07-03,93,3,0.03225806451612903,0.04301875915739916
519,Puerto Rico,2021-07-04,87,7,0.08045977011494253,0.0571804546809454
520,Puerto Rico,2021-07-05,134,14,0.1044776119402985,0.07239848219045668
521,Puerto Rico,2021-07-06,218,13,0.05963302752293578,0.08152346985939225
522,Puerto Rico,2021-07-07,234,20,0.08547008547008547,0.08319357497777323
523,Puerto Rico,2021-07-08,232,16,0.06896551724137931,0.0713562100781335
524,Puerto Rico,2021-07-09,192,8,0.041666666666666664,0.0653674231260438
525,Puerto Rico,2021-07-10,81,1,0.012345679012345678,0.040992620973463866
526,Puerto Rico,2021-07-11,87,5,0.05747126436781609,0.037161203348942795
527,Puerto Rico,2021-07-12,207,22,0.10628019323671498,0.058699045538958904
528,Puerto Rico,2021-07-13,246,23,0.09349593495934959,0.08574913085462688
529,Puerto Rico,2021-07-14,232,18,0.07758620689655173,0.09245411169753874
530,Puerto Rico,2021-07-15,219,17,0.0776255707762557,0.08290257087738566
531,Puerto Rico,2021-07-16,169,15,0.08875739644970414,0.08132305804083717
532,Puerto Rico,2021-07-17,75,7,0.09333333333333334,0.08657210018643104
533,Puerto Rico,2021-07-18,99,4,0.04040404040404041,0.07416492339569261
534,Puerto Rico,2021-07-19,218,13,0.05963302752293578,0.06445680042010317
535,Puerto Rico,2021-07-20,182,12,0.06593406593406594,0.05532371128701402
536,Puerto Rico,2021-07-21,211,24,0.11374407582938388,0.07977038976212851
537,Puerto Rico,2021-07-22,193,19,0.09844559585492228,0.09270791253945736
538,Puerto Rico,2021-07-23,216,16,0.07407407407407407,0.09542124858612673
539,Puerto Rico,2021-07-24,79,9,0.11392405063291139,0.09548124018730257
540,Puerto Rico,2021-07-25,88,6,0.06818181818181818,0.08539331429626786
541,Puerto Rico,2021-07-26,157,21,0.1337579617834395,0.10528794353272301
542,Puerto Rico,2021-07-27,157,13,0.08280254777070063,0.09491410924531941
543,Puerto Rico,2021-07-28,209,18,0.0861244019138756,0.10089497048933856
544,Puerto Rico,2021-07-29,216,16,0.07407407407407407,0.08100034125288341
545,Puerto Rico,2021-07-30,220,13,0.05909090909090909,0.0730964616929529
546,Puerto Rico,2021-07-31,84,6,0.07142857142857142,0.06819785153118484
547,Puerto Rico,2021-08-01,87,6,0.06896551724137931,0.06649499925361993
548,Puerto Rico,2021-08-02,203,20,0.09852216748768473,0.07963875205254513
549,Puerto Rico,2021-08-03,210,35,0.16666666666666666,0.1113847837985769
550,Puerto Rico,2021-08-04,251,20,0.0796812749003984,0.11495670301824991
551,Puerto Rico,2021-08-05,239,25,0.10460251046025104,0.11698348400910535
552,Puerto Rico,2021-08-06,179,12,0.0670391061452514,0.0837742971686336
553,Puerto Rico,2021-08-07,83,9,0.10843373493975904,0.09335845051508716
554,Puerto Rico,2021-08-08,84,6,0.07142857142857142,0.08230047083786061
555,Puerto Rico,2021-08-09,175,23,0.13142857142857142,0.10376362593230064
556,Puerto Rico,2021-08-10,188,8,0.0425531914893617,0.08180344478216818
557,Puerto Rico,2021-08-11,203,19,0.09359605911330049,0.08919260734374453
558,Puerto Rico,2021-08-12,213,18,0.08450704225352113,0.07355209761872777
559,Puerto Rico,2021-08-13,175,16,0.09142857142857143,0.08984389093179768
560,Puerto Rico,2021-08-14,129,8,0.06201550387596899,0.07931703918602051
561,Puerto Rico,2021-08-15,114,8,0.07017543859649122,0.07453983796701054
562,Puerto Rico,2021-08-16,177,13,0.07344632768361582,0.06854575671869202
563,Puerto Rico,2021-08-17,169,23,0.13609467455621302,0.09323881361210669
564,Puerto Rico,2021-08-18,197,27,0.13705583756345177,0.11553227993442687
565,Puerto Rico,2021-08-19,214,14,0.06542056074766354,0.11285702428910944
566,Puerto Rico,2021-08-20,182,10,0.054945054945054944,0.0858071510853901
567,Puerto Rico,2021-08-21,75,3,0.04,0.05345520523090616
568,Puerto Rico,2021-08-22,78,3,0.038461538461538464,0.04446886446886447
569,Puerto Rico,2021-08-23,200,17,0.085,0.05448717948717949
570,Puerto Rico,2021-08-24,218,14,0.06422018348623854,0.06256057398259234
571,Puerto Rico,2021-08-25,212,24,0.11320754716981132,0.08747591021868328
572,Puerto Rico,2021-08-26,190,17,0.08947368421052632,0.08896713828885872
573,Puerto Rico,2021-08-27,160,10,0.0625,0.08839374379344589
574,Puerto Rico,2021-08-28,78,5,0.0641025641025641,0.07202541610436347
575,Puerto Rico,2021-08-29,74,3,0.04054054054054054,0.05571436821436821
576,Puerto Rico,2021-08-30,170,15,0.08823529411764706,0.06429279958691723
577,Puerto Rico,2021-08-31,177,12,0.06779661016949153,0.06552414827589305
578,Puerto Rico,2021-09-01,205,10,0.04878048780487805,0.06827079736400554
579,Puerto Rico,2021-09-02,182,15,0.08241758241758242,0.06633156013065067
580,Puerto Rico,2021-09-03,188,11,0.05851063829787234,0.06323623617344427
581,Puerto Rico,2021-09-04,72,3,0.041666666666666664,0.06086496246070714
582,Puerto Rico,2021-09-05,85,5,0.058823529411764705,0.05300027812543457
583,Puerto Rico,2021-09-06,149,13,0.087248322147651,0.0625795060753608
584,Puerto Rico,2021-09-07,155,11,0.07096774193548387,0.07234653116496653
585,Puerto Rico,2021-09-08,203,19,0.09359605911330049,0.08393737439881178
586,Puerto Rico,2021-09-09,174,20,0.11494252873563218,0.0931687765948055
587,Puerto Rico,2021-09-10,136,9,0.0661764705882353,0.09157168614572264
588,Puerto Rico,2021-09-11,75,4,0.05333333333333334,0.07815077755240027
589,Puerto Rico,2021-09-12,83,5,0.060240963855421686,0.059916922592330106
590,Puerto Rico,2021-09-13,198,17,0.08585858585858586,0.06647762768244696
591,Puerto Rico,2021-09-14,174,11,0.06321839080459771,0.06977264683953509
592,Puerto Rico,2021-09-15,199,8,0.04020100502512563,0.06309266056276973
593,Puerto Rico,2021-09-16,187,15,0.08021390374331551,0.06121109985767961
594,Puerto Rico,2021-09-17,168,11,0.06547619047619048,0.06196369974821053
595,Puerto Rico,2021-09-18,61,4,0.06557377049180328,0.07042128823710309
596,Puerto Rico,2021-09-19,70,5,0.07142857142857142,0.0674928441321884
597,Puerto Rico,2021-09-20,181,15,0.08287292817679558,0.07329175669905676
598,Puerto Rico,2021-09-21,193,5,0.025906735751295335,0.06006941178555411
599,Puerto Rico,2021-09-22,194,20,0.10309278350515463,0.07062414914441519
600,Puerto Rico,2021-09-23,169,7,0.04142011834319527,0.05680654586654841
601,Puerto Rico,2021-09-24,171,8,0.04678362573099415,0.06376550919311469
602,Puerto Rico,2021-09-25,56,2,0.03571428571428571,0.04130600992949171
603,Puerto Rico,2021-09-26,70,6,0.08571428571428572,0.05607073238652186
604,Puerto Rico,2021-09-27,179,20,0.11173184357541899,0.07772013833466347
605,Puerto Rico,2021-09-28,169,5,0.029585798816568046,0.07567730936875759
606,Puerto Rico,2021-09-29,173,11,0.06358381502890173,0.06830048580696292
607,Puerto Rico,2021-09-30,195,8,0.041025641025641026,0.0447317516237036
608,Puerto Rico,2021-10-01,152,9,0.05921052631578947,0.05460666079011075
